SITE_ID,STREET,DATE_PARSED,BICYCLE_DETECTIONS
9077,Albert Street,2019-01-01,195
9077,Albert Street,2019-01-02,806
9077,Albert Street,2019-01-03,975
9077,Albert Street,2019-01-04,558
9077,Albert Street,2019-01-05,303
9077,Albert Street,2019-01-06,334
9077,Albert Street,2019-01-07,1395
9077,Albert Street,2019-01-08,1592
9077,Albert Street,2019-01-09,1471
9077,Albert Street,2019-01-10,1574
9077,Albert Street,2019-01-11,1230
9077,Albert Street,2019-01-12,342
9077,Albert Street,2019-01-13,360
9077,Albert Street,2019-01-14,1448
9077,Albert Street,2019-01-15,1615
9077,Albert Street,2019-01-16,1667
9077,Albert Street,2019-01-17,1487
9077,Albert Street,2019-01-18,1224
9077,Albert Street,2019-01-19,456
9077,Albert Street,2019-01-20,425
9077,Albert Street,2019-01-21,1639
9077,Albert Street,2019-01-22,1762
9077,Albert Street,2019-01-23,1807
9077,Albert Street,2019-01-24,1418
9077,Albert Street,2019-01-25,863
9077,Albert Street,2019-01-26,457
9077,Albert Street,2019-01-27,358
9077,Albert Street,2019-01-28,339
9077,Albert Street,2019-01-29,1569
9077,Albert Street,2019-01-30,1453
9077,Albert Street,2019-01-31,1706
9077,Albert Street,2019-02-01,1499
9077,Albert Street,2019-02-02,414
9077,Albert Street,2019-02-03,292
9077,Albert Street,2019-02-04,1703
9077,Albert Street,2019-02-05,1831
9077,Albert Street,2019-02-06,1490
9077,Albert Street,2019-02-07,1453
9077,Albert Street,2019-02-08,1447
9077,Albert Street,2019-02-09,311
9077,Albert Street,2019-02-10,400
9077,Albert Street,2019-02-11,1741
9077,Albert Street,2019-02-12,1644
9077,Albert Street,2019-02-13,1766
9077,Albert Street,2019-02-14,1714
9077,Albert Street,2019-02-15,1506
9077,Albert Street,2019-02-16,535
9077,Albert Street,2019-02-17,378
9077,Albert Street,2019-02-18,1715
9077,Albert Street,2019-02-19,1833
9077,Albert Street,2019-02-20,1795
9077,Albert Street,2019-02-21,1747
9077,Albert Street,2019-02-22,1534
9077,Albert Street,2019-02-23,429
9077,Albert Street,2019-02-24,374
9077,Albert Street,2019-02-25,1707
9077,Albert Street,2019-02-26,1971
9077,Albert Street,2019-02-27,1853
9077,Albert Street,2019-02-28,1673
9077,Albert Street,2019-03-01,1314
9077,Albert Street,2019-03-02,329
9077,Albert Street,2019-03-03,268
9077,Albert Street,2019-03-04,1817
9077,Albert Street,2019-03-05,1971
9077,Albert Street,2019-03-06,1697
9077,Albert Street,2019-03-07,1797
9077,Albert Street,2019-03-08,1557
9077,Albert Street,2019-03-09,400
9077,Albert Street,2019-03-10,336
9077,Albert Street,2019-03-11,432
9077,Albert Street,2019-03-12,1764
9077,Albert Street,2019-03-13,1596
9077,Albert Street,2019-03-14,1613
9077,Albert Street,2019-03-15,1402
9077,Albert Street,2019-03-16,454
9077,Albert Street,2019-03-17,315
9077,Albert Street,2019-03-18,1596
9077,Albert Street,2019-03-19,1677
9077,Albert Street,2019-03-20,1465
9077,Albert Street,2019-03-21,1644
9077,Albert Street,2019-03-22,1304
9077,Albert Street,2019-03-23,339
9077,Albert Street,2019-03-24,311
9077,Albert Street,2019-03-25,1388
9077,Albert Street,2019-03-26,1490
9077,Albert Street,2019-03-27,1583
9077,Albert Street,2019-03-28,1574
9077,Albert Street,2019-03-29,1175
9077,Albert Street,2019-03-30,194
9077,Albert Street,2019-03-31,292
9077,Albert Street,2019-04-01,1410
9077,Albert Street,2019-04-02,1555
9077,Albert Street,2019-04-03,1477
9077,Albert Street,2019-04-04,1500
9077,Albert Street,2019-04-05,1388
9077,Albert Street,2019-04-06,467
9077,Albert Street,2019-04-07,434
9077,Albert Street,2019-04-08,1577
9077,Albert Street,2019-04-09,1630
9077,Albert Street,2019-04-10,1449
9077,Albert Street,2019-04-11,1644
9077,Albert Street,2019-04-12,1490
9077,Albert Street,2019-04-13,512
9077,Albert Street,2019-04-14,423
9077,Albert Street,2019-04-15,1641
9077,Albert Street,2019-04-16,1788
9077,Albert Street,2019-04-17,1665
9077,Albert Street,2019-04-18,1416
9077,Albert Street,2019-04-19,310
9077,Albert Street,2019-04-20,393
9077,Albert Street,2019-04-21,223
9077,Albert Street,2019-04-22,397
9077,Albert Street,2019-04-23,1293
9077,Albert Street,2019-04-24,1311
9077,Albert Street,2019-04-25,492
9077,Albert Street,2019-04-26,762
9077,Albert Street,2019-04-27,361
9077,Albert Street,2019-04-28,301
9077,Albert Street,2019-04-29,1668
9077,Albert Street,2019-04-30,1766
9077,Albert Street,2019-05-01,1460
9077,Albert Street,2019-05-02,1177
9077,Albert Street,2019-05-03,1439
9077,Albert Street,2019-05-04,407
9077,Albert Street,2019-05-05,422
9077,Albert Street,2019-05-06,1584
9077,Albert Street,2019-05-07,1807
9077,Albert Street,2019-05-08,1531
9077,Albert Street,2019-05-09,1416
9077,Albert Street,2019-05-10,783
9077,Albert Street,2019-05-11,447
9077,Albert Street,2019-05-12,339
9077,Albert Street,2019-05-13,1631
9077,Albert Street,2019-05-14,1733
9077,Albert Street,2019-05-15,1638
9077,Albert Street,2019-05-16,1683
9077,Albert Street,2019-05-17,1456
9077,Albert Street,2019-05-18,468
9077,Albert Street,2019-05-19,440
9077,Albert Street,2019-05-20,1305
9077,Albert Street,2019-05-21,1710
9077,Albert Street,2019-05-22,1679
9077,Albert Street,2019-05-23,1650
9077,Albert Street,2019-05-24,1109
9077,Albert Street,2019-05-25,416
9077,Albert Street,2019-05-26,369
9077,Albert Street,2019-05-27,1203
9077,Albert Street,2019-05-28,1399
9077,Albert Street,2019-05-29,1120
9077,Albert Street,2019-05-30,1109
9077,Albert Street,2019-05-31,836
9077,Albert Street,2019-06-01,332
9077,Albert Street,2019-06-02,328
9077,Albert Street,2019-06-03,816
9077,Albert Street,2019-06-04,1308
9077,Albert Street,2019-06-05,1396
9077,Albert Street,2019-06-06,1419
9077,Albert Street,2019-06-07,1248
9077,Albert Street,2019-06-08,344
9077,Albert Street,2019-06-09,274
9077,Albert Street,2019-06-10,328
9077,Albert Street,2019-06-11,1538
9077,Albert Street,2019-06-12,954
9077,Albert Street,2019-06-13,1483
9077,Albert Street,2019-06-14,1154
9077,Albert Street,2019-06-15,347
9077,Albert Street,2019-06-16,271
9077,Albert Street,2019-06-17,1483
9077,Albert Street,2019-06-18,1144
9077,Albert Street,2019-06-19,1254
9077,Albert Street,2019-06-20,875
9077,Albert Street,2019-06-21,912
9077,Albert Street,2019-06-22,297
9077,Albert Street,2019-06-23,247
9077,Albert Street,2019-06-24,1327
9077,Albert Street,2019-06-25,1376
9077,Albert Street,2019-06-26,1287
9077,Albert Street,2019-06-27,1386
9077,Albert Street,2019-06-28,1183
9077,Albert Street,2019-06-29,161
9077,Albert Street,2019-06-30,333
9077,Albert Street,2019-07-01,1303
9077,Albert Street,2019-07-02,1266
9077,Albert Street,2019-07-03,1298
9077,Albert Street,2019-07-04,1342
9077,Albert Street,2019-07-05,1064
9077,Albert Street,2019-07-06,453
9077,Albert Street,2019-07-07,280
9077,Albert Street,2019-07-08,1219
9077,Albert Street,2019-07-09,1356
9077,Albert Street,2019-07-10,1216
9077,Albert Street,2019-07-11,1060
9077,Albert Street,2019-07-12,777
9077,Albert Street,2019-07-13,271
9077,Albert Street,2019-07-14,192
9077,Albert Street,2019-07-15,1028
9077,Albert Street,2019-07-16,1057
9077,Albert Street,2019-07-17,1047
9077,Albert Street,2019-07-18,1174
9077,Albert Street,2019-07-19,1019
9077,Albert Street,2019-07-20,394
9077,Albert Street,2019-07-21,277
9077,Albert Street,2019-07-22,1317
9077,Albert Street,2019-07-23,969
9077,Albert Street,2019-07-24,1217
9077,Albert Street,2019-07-25,1256
9077,Albert Street,2019-07-26,803
9077,Albert Street,2019-07-27,322
9077,Albert Street,2019-07-28,319
9077,Albert Street,2019-07-29,1306
9077,Albert Street,2019-07-30,1425
9077,Albert Street,2019-07-31,1319
9077,Albert Street,2019-08-01,1305
9077,Albert Street,2019-08-02,1070
9077,Albert Street,2019-08-03,287
9077,Albert Street,2019-08-04,277
9077,Albert Street,2020-01-20,925
9077,Albert Street,2020-01-21,1472
9077,Albert Street,2020-01-22,1576
9077,Albert Street,2020-01-23,858
9077,Albert Street,2020-01-24,1486
9077,Albert Street,2020-01-25,412
9077,Albert Street,2020-01-26,538
9077,Albert Street,2020-01-27,467
9077,Albert Street,2020-01-28,1895
9077,Albert Street,2020-01-29,1965
9077,Albert Street,2020-01-30,1615
9077,Albert Street,2020-01-31,1189
9077,Albert Street,2020-02-01,217
9077,Albert Street,2020-02-02,452
9077,Albert Street,2020-02-03,1718
9077,Albert Street,2020-02-04,1915
9077,Albert Street,2020-02-05,1805
9077,Albert Street,2020-02-06,1480
9077,Albert Street,2020-02-07,941
9077,Albert Street,2020-02-08,287
9077,Albert Street,2020-02-09,208
9077,Albert Street,2020-02-10,1087
9077,Albert Street,2020-02-11,1280
9077,Albert Street,2020-02-12,1247
9077,Albert Street,2020-02-13,1301
9077,Albert Street,2020-02-14,1003
9077,Albert Street,2020-02-15,249
9077,Albert Street,2020-02-16,399
9077,Albert Street,2020-02-17,1674
9077,Albert Street,2020-02-18,1149
9077,Albert Street,2020-02-19,954
9077,Albert Street,2020-02-20,1380
9077,Albert Street,2020-02-21,1242
9077,Albert Street,2020-02-22,525
9077,Albert Street,2020-02-23,401
9077,Albert Street,2020-02-24,1556
9077,Albert Street,2020-02-25,1497
9077,Albert Street,2020-02-26,1414
9077,Albert Street,2020-02-27,1575
9077,Albert Street,2020-02-28,1303
9077,Albert Street,2020-02-29,477
9077,Albert Street,2020-03-01,386
9077,Albert Street,2020-03-02,1340
9077,Albert Street,2020-03-03,1583
9077,Albert Street,2020-03-04,1348
9077,Albert Street,2020-03-05,665
9077,Albert Street,2020-03-06,1091
9077,Albert Street,2020-03-07,363
9077,Albert Street,2020-03-08,366
9077,Albert Street,2020-03-09,389
9077,Albert Street,2020-03-10,1373
9077,Albert Street,2020-03-11,1371
9077,Albert Street,2020-03-12,1178
9077,Albert Street,2020-03-13,892
9077,Albert Street,2020-03-14,378
9077,Albert Street,2020-03-15,327
9077,Albert Street,2020-03-16,1605
9077,Albert Street,2020-03-17,1562
9077,Albert Street,2020-03-18,1436
9077,Albert Street,2020-03-19,1290
9077,Albert Street,2020-03-20,1187
9077,Albert Street,2020-03-21,379
9077,Albert Street,2020-03-22,344
9077,Albert Street,2020-03-23,1014
9077,Albert Street,2020-03-24,840
9077,Albert Street,2020-03-25,623
9077,Albert Street,2020-03-26,635
9077,Albert Street,2020-03-27,626
9077,Albert Street,2020-03-28,339
9077,Albert Street,2020-03-29,246
9077,Albert Street,2020-03-30,485
9077,Albert Street,2020-03-31,470
9077,Albert Street,2020-04-01,347
9077,Albert Street,2020-04-02,201
9077,Albert Street,2020-04-03,313
9077,Albert Street,2020-04-04,128
9077,Albert Street,2020-04-05,111
9077,Albert Street,2020-04-06,373
9077,Albert Street,2020-04-07,413
9077,Albert Street,2020-04-08,370
9077,Albert Street,2020-04-09,427
9077,Albert Street,2020-04-10,328
9077,Albert Street,2020-04-11,151
9077,Albert Street,2020-04-12,217
9077,Albert Street,2020-04-13,375
9077,Albert Street,2020-04-14,423
9077,Albert Street,2020-04-15,440
9077,Albert Street,2020-04-16,402
9077,Albert Street,2020-04-17,480
9077,Albert Street,2020-04-18,295
9077,Albert Street,2020-04-19,405
9077,Albert Street,2020-04-20,324
9077,Albert Street,2020-04-21,399
9077,Albert Street,2020-04-22,396
9077,Albert Street,2020-04-23,388
9077,Albert Street,2020-04-24,397
9077,Albert Street,2020-04-25,371
9077,Albert Street,2020-04-26,190
9077,Albert Street,2020-04-27,420
9077,Albert Street,2020-04-28,550
9077,Albert Street,2020-04-29,253
9077,Albert Street,2020-04-30,426
9077,Albert Street,2020-05-01,301
9077,Albert Street,2020-05-02,309
9077,Albert Street,2020-05-03,407
9077,Albert Street,2020-05-04,447
9077,Albert Street,2020-05-05,636
9077,Albert Street,2020-05-06,632
9077,Albert Street,2020-05-07,566
9077,Albert Street,2020-05-08,586
9077,Albert Street,2020-05-09,198
9077,Albert Street,2020-05-10,463
9077,Albert Street,2020-05-11,587
9077,Albert Street,2020-05-12,623
9077,Albert Street,2020-05-13,461
9077,Albert Street,2020-05-14,627
9077,Albert Street,2020-05-15,641
9077,Albert Street,2020-05-16,535
9077,Albert Street,2020-05-17,437
9077,Albert Street,2020-05-18,629
9077,Albert Street,2020-05-19,632
9077,Albert Street,2020-05-20,459
9077,Albert Street,2020-05-21,344
9077,Albert Street,2020-05-22,597
9077,Albert Street,2020-05-23,249
9077,Albert Street,2020-05-24,385
9077,Albert Street,2020-05-25,635
9077,Albert Street,2020-05-26,684
9077,Albert Street,2020-05-27,677
9077,Albert Street,2020-05-28,632
9077,Albert Street,2020-05-29,693
9077,Albert Street,2020-05-30,426
9077,Albert Street,2020-05-31,261
9077,Albert Street,2020-06-01,184
9077,Albert Street,2020-06-02,519
9077,Albert Street,2020-06-03,523
9077,Albert Street,2020-06-04,588
9077,Albert Street,2020-06-05,563
9077,Albert Street,2020-06-06,1145
9077,Albert Street,2020-06-07,383
9077,Albert Street,2020-06-08,277
9077,Albert Street,2020-06-09,530
9077,Albert Street,2020-06-10,544
9077,Albert Street,2020-06-11,575
9077,Albert Street,2020-06-12,558
9077,Albert Street,2020-06-13,278
9077,Albert Street,2020-06-14,248
9077,Albert Street,2020-06-15,424
9077,Albert Street,2020-06-16,504
9077,Albert Street,2020-06-17,514
9077,Albert Street,2020-06-18,476
9077,Albert Street,2020-06-19,568
9077,Albert Street,2020-06-20,398
9077,Albert Street,2020-06-21,257
9077,Albert Street,2020-06-22,444
9077,Albert Street,2020-06-23,565
9077,Albert Street,2020-06-24,513
9077,Albert Street,2020-06-25,516
9077,Albert Street,2020-06-26,565
9077,Albert Street,2020-06-27,326
9077,Albert Street,2020-06-28,307
9077,Albert Street,2020-06-29,484
9077,Albert Street,2020-06-30,541
9077,Albert Street,2020-07-01,561
9077,Albert Street,2020-07-02,528
9077,Albert Street,2020-07-03,366
9077,Albert Street,2020-07-04,206
9077,Albert Street,2020-07-05,206
9077,Albert Street,2020-07-06,401
9077,Albert Street,2020-07-07,468
9077,Albert Street,2020-07-08,538
9077,Albert Street,2020-07-09,403
9077,Albert Street,2020-07-10,462
9077,Albert Street,2020-07-11,174
9077,Albert Street,2020-07-12,258
9077,Albert Street,2020-07-13,428
9077,Albert Street,2020-07-14,530
9077,Albert Street,2020-07-15,523
9077,Albert Street,2020-07-16,512
9077,Albert Street,2020-07-17,508
9077,Albert Street,2020-07-18,292
9077,Albert Street,2020-07-19,232
9077,Albert Street,2020-07-20,419
9077,Albert Street,2020-07-21,495
9077,Albert Street,2020-07-22,465
9077,Albert Street,2020-07-23,433
9077,Albert Street,2020-07-24,499
9077,Albert Street,2020-07-25,306
9077,Albert Street,2020-07-26,260
9077,Albert Street,2020-07-27,431
9077,Albert Street,2020-07-28,475
9077,Albert Street,2020-07-29,516
9077,Albert Street,2020-07-30,529
9077,Albert Street,2020-07-31,508
9077,Albert Street,2020-08-01,356
9077,Albert Street,2020-08-02,335
9077,Albert Street,2020-08-03,449
9077,Albert Street,2020-08-04,291
9077,Albert Street,2020-08-05,312
9077,Albert Street,2020-08-06,281
9077,Albert Street,2020-08-07,291
9077,Albert Street,2020-08-08,205
9077,Albert Street,2020-08-09,255
9077,Albert Street,2020-08-10,357
9077,Albert Street,2020-08-11,334
9077,Albert Street,2020-08-12,313
9077,Albert Street,2020-08-13,328
9077,Albert Street,2020-08-14,320
9077,Albert Street,2020-08-15,317
9077,Albert Street,2020-08-16,257
9077,Albert Street,2020-08-17,319
9077,Albert Street,2020-08-18,370
9077,Albert Street,2020-08-19,230
9077,Albert Street,2020-08-20,310
9077,Albert Street,2020-08-21,335
9077,Albert Street,2020-08-22,104
9077,Albert Street,2020-08-23,149
9077,Albert Street,2020-08-24,294
9077,Albert Street,2020-08-25,338
9077,Albert Street,2020-08-26,360
9077,Albert Street,2020-08-27,340
9077,Albert Street,2020-08-28,383
9077,Albert Street,2020-08-29,380
9077,Albert Street,2020-08-30,195
9077,Albert Street,2020-08-31,314
9077,Albert Street,2020-09-01,382
9077,Albert Street,2020-09-02,309
9077,Albert Street,2020-09-03,329
9077,Albert Street,2020-09-04,418
9077,Albert Street,2020-09-05,306
9077,Albert Street,2020-09-06,366
9077,Albert Street,2020-09-07,365
9077,Albert Street,2020-09-08,303
9077,Albert Street,2020-09-09,408
9077,Albert Street,2020-09-10,406
9077,Albert Street,2020-09-11,412
9077,Albert Street,2020-09-12,145
9077,Albert Street,2020-09-13,361
9077,Albert Street,2020-09-14,380
9077,Albert Street,2020-09-15,412
9077,Albert Street,2020-09-16,418
9077,Albert Street,2020-09-17,303
9077,Albert Street,2020-09-18,400
9077,Albert Street,2020-09-19,484
9077,Albert Street,2020-09-20,409
9077,Albert Street,2020-09-21,352
9077,Albert Street,2020-09-22,357
9077,Albert Street,2020-09-23,297
9077,Albert Street,2020-09-24,392
9077,Albert Street,2020-09-25,248
9077,Albert Street,2020-09-26,249
9077,Albert Street,2020-09-27,404
9077,Albert Street,2020-09-28,386
9077,Albert Street,2020-09-29,471
9077,Albert Street,2020-09-30,336
9077,Albert Street,2020-10-01,464
9077,Albert Street,2020-10-02,509
9077,Albert Street,2020-10-03,477
9077,Albert Street,2020-10-04,377
9077,Albert Street,2020-10-05,210
9077,Albert Street,2020-10-06,324
9077,Albert Street,2020-10-07,316
9077,Albert Street,2020-10-08,284
9077,Albert Street,2020-10-09,392
9077,Albert Street,2020-10-10,481
9077,Albert Street,2020-10-11,397
9077,Albert Street,2020-10-12,510
9077,Albert Street,2020-10-13,441
9077,Albert Street,2020-10-14,545
9077,Albert Street,2020-10-15,368
9077,Albert Street,2020-10-16,476
9077,Albert Street,2020-10-17,296
9077,Albert Street,2020-10-18,358
9077,Albert Street,2020-10-19,461
9077,Albert Street,2020-10-20,660
9077,Albert Street,2020-10-21,611
9077,Albert Street,2020-10-22,639
9077,Albert Street,2020-10-23,415
9077,Albert Street,2020-10-24,174
9077,Albert Street,2020-10-25,343
9077,Albert Street,2020-10-26,518
9077,Albert Street,2020-10-27,593
9077,Albert Street,2020-10-28,588
9077,Albert Street,2020-10-29,636
9077,Albert Street,2020-10-30,641
9077,Albert Street,2020-10-31,440
9077,Albert Street,2020-11-01,528
9077,Albert Street,2020-11-02,620
9077,Albert Street,2020-11-03,571
9077,Albert Street,2020-11-04,447
9077,Albert Street,2020-11-05,560
9077,Albert Street,2020-11-06,615
9077,Albert Street,2020-11-07,436
9077,Albert Street,2020-11-08,530
9077,Albert Street,2020-11-09,601
9077,Albert Street,2020-11-10,680
9077,Albert Street,2020-11-11,549
9077,Albert Street,2020-11-12,671
9077,Albert Street,2020-11-13,615
9077,Albert Street,2020-11-14,523
9077,Albert Street,2020-11-15,286
9077,Albert Street,2020-11-16,643
9077,Albert Street,2020-11-17,640
9077,Albert Street,2020-11-18,799
9077,Albert Street,2020-11-19,755
9077,Albert Street,2020-11-20,841
9077,Albert Street,2020-11-21,518
9077,Albert Street,2020-11-22,266
9077,Albert Street,2020-11-23,328
9077,Albert Street,2020-11-24,810
9077,Albert Street,2020-11-25,759
9077,Albert Street,2020-11-26,800
9077,Albert Street,2020-11-27,673
9077,Albert Street,2020-11-28,450
9077,Albert Street,2020-11-29,273
9077,Albert Street,2020-11-30,701
9077,Albert Street,2020-12-01,669
9077,Albert Street,2020-12-02,757
9077,Albert Street,2020-12-03,868
9077,Albert Street,2020-12-04,791
9077,Albert Street,2020-12-05,367
9077,Albert Street,2020-12-06,327
9077,Albert Street,2020-12-07,466
9077,Albert Street,2020-12-08,735
9077,Albert Street,2020-12-09,841
9077,Albert Street,2020-12-10,746
9077,Albert Street,2020-12-11,783
9077,Albert Street,2020-12-12,520
9077,Albert Street,2020-12-13,372
9077,Albert Street,2020-12-14,635
9077,Albert Street,2020-12-15,739
9077,Albert Street,2020-12-16,842
9077,Albert Street,2020-12-17,653
9077,Albert Street,2020-12-18,578
9077,Albert Street,2020-12-19,454
9077,Albert Street,2020-12-20,357
9077,Albert Street,2020-12-21,535
9077,Albert Street,2020-12-22,307
9077,Albert Street,2020-12-23,604
9077,Albert Street,2020-12-24,377
9077,Albert Street,2020-12-25,98
9077,Albert Street,2020-12-26,302
9077,Albert Street,2020-12-27,262
9077,Albert Street,2020-12-28,325
9077,Albert Street,2020-12-29,447
9077,Albert Street,2020-12-30,412
9077,Albert Street,2020-12-31,360
9077,Albert Street,2021-01-01,178
9077,Albert Street,2021-01-02,297
9077,Albert Street,2021-01-03,190
9077,Albert Street,2021-01-04,252
9077,Albert Street,2021-01-05,319
9077,Albert Street,2021-01-06,496
9077,Albert Street,2021-01-07,597
9077,Albert Street,2021-01-08,580
9077,Albert Street,2021-01-09,419
9077,Albert Street,2021-01-10,322
9077,Albert Street,2021-01-11,478
9077,Albert Street,2021-01-12,779
9077,Albert Street,2021-01-13,749
9077,Albert Street,2021-01-14,570
9077,Albert Street,2021-01-15,471
9077,Albert Street,2021-01-16,389
9077,Albert Street,2021-01-17,400
9077,Albert Street,2021-01-18,561
9077,Albert Street,2021-01-19,584
9077,Albert Street,2021-01-20,932
9077,Albert Street,2021-01-21,495
9077,Albert Street,2021-01-22,652
9077,Albert Street,2021-01-23,449
9077,Albert Street,2021-01-24,264
9077,Albert Street,2021-01-25,427
9077,Albert Street,2021-01-26,299
9077,Albert Street,2021-01-27,740
9077,Albert Street,2021-01-28,710
9077,Albert Street,2021-01-29,302
9077,Albert Street,2021-01-30,455
9077,Albert Street,2021-01-31,440
9077,Albert Street,2021-02-01,764
9077,Albert Street,2021-02-02,898
9077,Albert Street,2021-02-03,1047
9077,Albert Street,2021-02-04,879
9077,Albert Street,2021-02-05,462
9077,Albert Street,2021-02-06,446
9077,Albert Street,2021-02-07,365
9077,Albert Street,2021-02-08,851
9077,Albert Street,2021-02-09,996
9077,Albert Street,2021-02-10,839
9077,Albert Street,2021-02-11,943
9077,Albert Street,2021-02-12,837
9077,Albert Street,2021-02-13,336
9077,Albert Street,2021-02-14,382
9077,Albert Street,2021-02-15,416
9077,Albert Street,2021-02-16,464
9077,Albert Street,2021-02-17,478
9077,Albert Street,2021-02-18,876
9077,Albert Street,2021-02-19,784
9077,Albert Street,2021-02-20,407
9077,Albert Street,2021-02-21,373
9077,Albert Street,2021-02-22,806
9077,Albert Street,2021-02-23,897
9077,Albert Street,2021-02-24,728
9077,Albert Street,2021-02-25,951
9077,Albert Street,2021-02-26,783
9077,Albert Street,2021-02-27,421
9077,Albert Street,2021-02-28,486
9077,Albert Street,2021-03-01,944
9077,Albert Street,2021-03-02,1063
9077,Albert Street,2021-03-03,1011
9077,Albert Street,2021-03-04,1036
9077,Albert Street,2021-03-05,828
9077,Albert Street,2021-03-06,400
9077,Albert Street,2021-03-07,357
9077,Albert Street,2021-03-08,211
9077,Albert Street,2021-03-09,840
9077,Albert Street,2021-03-10,1121
9077,Albert Street,2021-03-11,1109
9077,Albert Street,2021-03-12,1040
9077,Albert Street,2021-03-13,244
9077,Albert Street,2021-03-14,356
9077,Albert Street,2021-03-15,1060
9077,Albert Street,2021-03-16,1142
9077,Albert Street,2021-03-17,1175
9077,Albert Street,2021-03-18,1175
9077,Albert Street,2021-03-19,1037
9077,Albert Street,2021-03-20,529
9077,Albert Street,2021-03-21,156
9077,Albert Street,2021-03-22,785
9077,Albert Street,2021-03-23,724
9077,Albert Street,2021-03-24,772
9077,Albert Street,2021-03-25,968
9077,Albert Street,2021-03-26,966
9077,Albert Street,2021-03-27,338
9077,Albert Street,2021-03-28,409
9077,Albert Street,2021-03-29,765
9077,Albert Street,2021-03-30,1125
9077,Albert Street,2021-03-31,1136
9077,Albert Street,2021-04-01,1035
9077,Albert Street,2021-04-02,332
9077,Albert Street,2021-04-03,378
9077,Albert Street,2021-04-04,291
9077,Albert Street,2021-04-05,409
9077,Albert Street,2021-04-06,900
9077,Albert Street,2021-04-07,1042
9077,Albert Street,2021-04-08,1106
9077,Albert Street,2021-04-09,812
9077,Albert Street,2021-04-10,296
9077,Albert Street,2021-04-11,146
9077,Albert Street,2021-04-12,657
9077,Albert Street,2021-04-13,1037
9077,Albert Street,2021-04-14,1035
9077,Albert Street,2021-04-15,1005
9077,Albert Street,2021-04-16,830
9077,Albert Street,2021-04-17,437
9077,Albert Street,2021-04-18,383
9077,Albert Street,2021-04-19,1018
9077,Albert Street,2021-04-20,773
9077,Albert Street,2021-04-21,979
9077,Albert Street,2021-04-22,1035
9077,Albert Street,2021-04-23,937
9077,Albert Street,2021-04-24,389
9077,Albert Street,2021-04-25,395
9077,Albert Street,2021-04-26,907
9077,Albert Street,2021-04-27,1172
9077,Albert Street,2021-04-28,1158
9077,Albert Street,2021-04-29,1124
9077,Albert Street,2021-04-30,1007
9077,Albert Street,2021-05-01,495
9077,Albert Street,2021-05-02,430
9077,Albert Street,2021-05-03,715
9077,Albert Street,2021-05-04,774
9077,Albert Street,2021-05-05,1160
9077,Albert Street,2021-05-06,1137
9077,Albert Street,2021-05-07,1013
9077,Albert Street,2021-05-08,423
9077,Albert Street,2021-05-09,339
9077,Albert Street,2021-05-10,754
9077,Albert Street,2021-05-11,578
9077,Albert Street,2021-05-12,1131
9077,Albert Street,2021-05-13,856
9077,Albert Street,2021-05-14,751
9077,Albert Street,2021-05-15,247
9077,Albert Street,2021-05-16,328
9077,Albert Street,2021-05-17,807
9077,Albert Street,2021-05-18,1085
9077,Albert Street,2021-05-19,1208
9077,Albert Street,2021-05-20,939
9077,Albert Street,2021-05-21,874
9077,Albert Street,2021-05-22,488
9077,Albert Street,2021-05-23,325
9077,Albert Street,2021-05-24,979
9077,Albert Street,2021-05-25,812
9077,Albert Street,2021-05-26,730
9077,Albert Street,2021-05-27,581
9077,Albert Street,2021-05-28,348
9077,Albert Street,2021-05-29,281
9077,Albert Street,2021-05-30,304
9077,Albert Street,2021-05-31,388
9077,Albert Street,2021-06-01,419
9077,Albert Street,2021-06-02,437
9077,Albert Street,2021-06-03,448
9077,Albert Street,2021-06-04,303
9077,Albert Street,2021-06-05,355
9077,Albert Street,2021-06-06,275
9077,Albert Street,2021-06-07,363
9077,Albert Street,2021-06-08,160
9077,Albert Street,2021-06-09,157
9077,Albert Street,2021-06-10,225
9077,Albert Street,2021-06-11,557
9077,Albert Street,2021-06-12,366
9077,Albert Street,2021-06-13,441
9077,Albert Street,2021-06-14,393
9077,Albert Street,2021-06-15,628
9077,Albert Street,2021-06-16,455
9077,Albert Street,2021-06-17,669
9077,Albert Street,2021-06-18,414
9077,Albert Street,2021-06-19,364
9077,Albert Street,2021-06-20,382
9077,Albert Street,2021-06-21,600
9077,Albert Street,2021-06-22,749
9077,Albert Street,2021-06-23,595
9077,Albert Street,2021-06-24,685
9077,Albert Street,2021-06-25,407
9077,Albert Street,2021-06-26,367
9077,Albert Street,2021-06-27,334
9077,Albert Street,2021-06-28,650
9077,Albert Street,2021-06-29,801
9077,Albert Street,2021-06-30,818
9077,Albert Street,2021-07-01,844
9077,Albert Street,2021-07-02,549
9077,Albert Street,2021-07-03,339
9077,Albert Street,2021-07-04,218
9077,Albert Street,2021-07-05,571
9077,Albert Street,2021-07-06,778
9077,Albert Street,2021-07-07,811
9077,Albert Street,2021-07-08,773
9077,Albert Street,2021-07-09,707
9077,Albert Street,2021-07-10,351
9077,Albert Street,2021-07-11,358
9077,Albert Street,2021-07-12,718
9077,Albert Street,2021-07-13,910
9077,Albert Street,2021-07-14,569
9077,Albert Street,2021-07-15,729
9077,Albert Street,2021-07-16,313
9077,Albert Street,2021-07-17,142
9077,Albert Street,2021-07-18,279
9077,Albert Street,2021-07-19,307
9077,Albert Street,2021-07-20,181
9077,Albert Street,2021-07-21,336
9077,Albert Street,2021-07-22,369
9077,Albert Street,2021-07-23,365
9077,Albert Street,2021-07-24,272
9077,Albert Street,2021-07-25,302
9077,Albert Street,2021-07-26,352
9077,Albert Street,2021-07-27,357
9077,Albert Street,2021-07-28,425
9077,Albert Street,2021-07-29,607
9077,Albert Street,2021-07-30,591
9077,Albert Street,2021-07-31,329
9077,Albert Street,2021-08-01,343
9077,Albert Street,2021-08-02,640
9077,Albert Street,2021-08-03,565
9077,Albert Street,2021-08-04,554
9077,Albert Street,2021-08-05,656
9077,Albert Street,2021-08-06,367
9077,Albert Street,2021-08-07,373
9077,Albert Street,2021-08-08,381
9077,Albert Street,2021-08-09,376
9077,Albert Street,2021-08-10,458
9077,Albert Street,2021-08-11,289
9077,Albert Street,2021-08-12,473
9077,Albert Street,2021-08-13,462
9077,Albert Street,2021-08-14,457
9077,Albert Street,2021-08-15,463
9077,Albert Street,2021-08-16,330
9077,Albert Street,2021-08-17,402
9077,Albert Street,2021-08-18,404
9077,Albert Street,2021-08-19,465
9077,Albert Street,2021-08-20,316
9077,Albert Street,2021-08-21,506
9077,Albert Street,2021-08-22,464
9077,Albert Street,2021-08-23,272
9077,Albert Street,2021-08-24,376
9077,Albert Street,2021-08-25,373
9077,Albert Street,2021-08-26,411
9077,Albert Street,2021-08-27,404
9077,Albert Street,2021-08-28,531
9077,Albert Street,2021-08-29,168
9077,Albert Street,2021-08-30,428
9077,Albert Street,2021-08-31,397
9077,Albert Street,2021-09-01,549
9077,Albert Street,2021-09-02,534
9077,Albert Street,2021-09-03,228
9077,Albert Street,2021-09-04,313
9077,Albert Street,2021-09-05,289
9077,Albert Street,2021-09-06,418
9077,Albert Street,2021-09-07,446
9077,Albert Street,2021-09-08,568
9077,Albert Street,2021-09-09,500
9077,Albert Street,2021-09-10,517
9077,Albert Street,2021-09-11,489
9077,Albert Street,2021-09-12,324
9077,Albert Street,2021-09-13,386
9077,Albert Street,2021-09-14,474
9077,Albert Street,2021-09-15,511
9077,Albert Street,2021-09-16,541
9077,Albert Street,2021-09-17,467
9077,Albert Street,2021-09-18,423
9077,Albert Street,2021-09-19,358
9077,Albert Street,2021-09-20,269
9077,Albert Street,2021-09-21,270
9077,Albert Street,2021-09-22,507
9077,Albert Street,2021-09-23,571
9077,Albert Street,2021-09-24,399
9077,Albert Street,2021-09-25,364
9077,Albert Street,2021-09-26,525
9077,Albert Street,2021-09-27,544
9077,Albert Street,2021-09-28,583
9077,Albert Street,2021-09-29,326
9077,Albert Street,2021-09-30,262
9077,Albert Street,2021-10-01,410
9077,Albert Street,2021-10-02,400
9077,Albert Street,2021-10-03,401
9077,Albert Street,2021-10-04,383
9077,Albert Street,2021-10-05,352
9077,Albert Street,2021-10-06,585
9077,Albert Street,2021-10-07,487
9077,Albert Street,2021-10-08,647
9077,Albert Street,2021-10-09,545
9077,Albert Street,2021-10-10,453
9077,Albert Street,2021-10-11,401
9077,Albert Street,2021-10-12,548
9077,Albert Street,2021-10-13,431
9077,Albert Street,2021-10-14,438
9077,Albert Street,2021-10-15,322
9077,Albert Street,2021-10-16,238
9077,Albert Street,2021-10-17,502
9077,Albert Street,2021-10-18,375
9077,Albert Street,2021-10-19,427
9077,Albert Street,2021-10-20,627
9077,Albert Street,2021-10-21,629
9077,Albert Street,2021-10-22,585
9077,Albert Street,2021-10-23,208
9077,Albert Street,2021-10-24,375
9077,Albert Street,2021-10-25,500
9077,Albert Street,2021-10-26,684
9077,Albert Street,2021-10-27,707
9077,Albert Street,2021-10-28,445
9077,Albert Street,2021-10-29,334
9077,Albert Street,2021-10-30,359
9077,Albert Street,2021-10-31,423
9077,Albert Street,2021-11-01,580
9077,Albert Street,2021-11-02,410
9077,Albert Street,2021-11-03,352
9077,Albert Street,2021-11-04,745
9077,Albert Street,2021-11-05,820
9077,Albert Street,2021-11-06,410
9077,Albert Street,2021-11-07,332
9077,Albert Street,2021-11-08,724
9077,Albert Street,2021-11-09,917
9077,Albert Street,2021-11-10,320
9077,Albert Street,2021-11-11,869
9077,Albert Street,2021-11-12,287
9077,Albert Street,2021-11-13,207
9077,Albert Street,2021-11-14,218
9077,Albert Street,2021-11-15,616
9077,Albert Street,2021-11-16,766
9077,Albert Street,2021-11-17,861
9077,Albert Street,2021-11-18,786
9077,Albert Street,2021-11-19,705
9077,Albert Street,2021-11-20,519
9077,Albert Street,2021-11-21,403
9077,Albert Street,2021-11-22,882
9077,Albert Street,2021-11-23,963
9077,Albert Street,2021-11-24,811
9077,Albert Street,2021-11-25,791
9077,Albert Street,2021-11-26,682
9077,Albert Street,2021-11-27,556
9077,Albert Street,2021-11-28,457
9077,Albert Street,2021-11-29,901
9077,Albert Street,2021-11-30,1116
9077,Albert Street,2021-12-01,850
9077,Albert Street,2021-12-02,708
9077,Albert Street,2021-12-03,862
9077,Albert Street,2021-12-04,452
9077,Albert Street,2021-12-05,468
9077,Albert Street,2021-12-06,901
9077,Albert Street,2021-12-07,778
9077,Albert Street,2021-12-08,916
9077,Albert Street,2021-12-09,793
9077,Albert Street,2021-12-10,900
9077,Albert Street,2021-12-11,565
9077,Albert Street,2021-12-12,597
9077,Albert Street,2021-12-13,847
9077,Albert Street,2021-12-14,950
9077,Albert Street,2021-12-15,989
9077,Albert Street,2021-12-16,1048
9077,Albert Street,2021-12-17,903
9077,Albert Street,2021-12-18,475
9077,Albert Street,2021-12-19,237
9077,Albert Street,2021-12-20,867
9077,Albert Street,2021-12-21,889
9077,Albert Street,2021-12-22,785
9077,Albert Street,2021-12-23,701
9077,Albert Street,2021-12-24,459
9077,Albert Street,2021-12-25,129
9077,Albert Street,2021-12-26,249
9077,Albert Street,2021-12-27,381
9077,Albert Street,2021-12-28,352
9077,Albert Street,2021-12-29,414
9077,Albert Street,2021-12-30,360
9077,Albert Street,2021-12-31,258
9077,Albert Street,2022-01-01,159
9077,Albert Street,2022-01-02,268
9077,Albert Street,2022-01-03,363
9077,Albert Street,2022-01-04,512
9077,Albert Street,2022-01-05,443
9077,Albert Street,2022-01-06,394
9077,Albert Street,2022-01-07,315
9077,Albert Street,2022-01-08,259
9077,Albert Street,2022-01-09,335
9077,Albert Street,2022-01-10,582
9077,Albert Street,2022-01-11,587
9077,Albert Street,2022-01-12,633
9077,Albert Street,2022-01-13,566
9077,Albert Street,2022-01-14,494
9077,Albert Street,2022-01-15,412
9077,Albert Street,2022-01-16,450
9077,Albert Street,2022-01-17,607
9077,Albert Street,2022-01-18,749
9077,Albert Street,2022-01-19,771
9077,Albert Street,2022-01-20,791
9077,Albert Street,2022-01-21,676
9077,Albert Street,2022-01-22,369
9077,Albert Street,2022-01-23,304
9077,Albert Street,2022-01-24,599
9077,Albert Street,2022-01-25,709
9077,Albert Street,2022-01-26,375
9077,Albert Street,2022-01-27,491
9077,Albert Street,2022-01-28,371
9077,Albert Street,2022-01-29,370
9077,Albert Street,2022-01-30,416
9077,Albert Street,2022-01-31,643
9077,Albert Street,2022-02-01,861
9077,Albert Street,2022-02-02,793
9077,Albert Street,2022-02-03,767
9077,Albert Street,2022-02-04,919
9077,Albert Street,2022-02-05,587
9077,Albert Street,2022-02-06,501
9077,Albert Street,2022-02-07,776
9077,Albert Street,2022-02-08,1007
9077,Albert Street,2022-02-09,917
9077,Albert Street,2022-02-10,1021
9077,Albert Street,2022-02-11,909
9077,Albert Street,2022-02-12,623
9077,Albert Street,2022-02-13,510
9077,Albert Street,2022-02-14,899
9077,Albert Street,2022-02-15,1059
9077,Albert Street,2022-02-16,1006
9077,Albert Street,2022-02-17,968
9077,Albert Street,2022-02-18,892
9077,Albert Street,2022-02-19,546
9077,Albert Street,2022-02-20,460
9077,Albert Street,2022-02-21,886
9077,Albert Street,2022-02-22,1028
9077,Albert Street,2022-02-23,1075
9077,Albert Street,2022-02-24,1015
9077,Albert Street,2022-02-25,952
9077,Albert Street,2022-02-26,600
9077,Albert Street,2022-02-27,506
9077,Albert Street,2022-02-28,1055
9077,Albert Street,2022-03-01,968
9077,Albert Street,2022-03-02,1053
9077,Albert Street,2022-03-03,1277
9077,Albert Street,2022-03-04,1024
9077,Albert Street,2022-03-05,361
9077,Albert Street,2022-03-06,297
9077,Albert Street,2022-03-07,1058
9077,Albert Street,2022-03-08,1182
9077,Albert Street,2022-03-09,1248
9077,Albert Street,2022-03-10,1220
9077,Albert Street,2022-03-11,991
9077,Albert Street,2022-03-12,523
9077,Albert Street,2022-03-13,450
9077,Albert Street,2022-03-14,444
9077,Albert Street,2022-03-15,1056
9077,Albert Street,2022-03-16,1344
9077,Albert Street,2022-03-17,1368
9077,Albert Street,2022-03-18,1093
9077,Albert Street,2022-03-19,666
9077,Albert Street,2022-03-20,563
9077,Albert Street,2022-03-21,1066
9077,Albert Street,2022-03-22,1133
9077,Albert Street,2022-03-23,1271
9077,Albert Street,2022-03-24,1172
9077,Albert Street,2022-03-25,1077
9077,Albert Street,2022-03-26,651
9077,Albert Street,2022-03-27,515
9077,Albert Street,2022-03-28,1033
9077,Albert Street,2022-03-29,1274
9077,Albert Street,2022-03-30,1242
9077,Albert Street,2022-03-31,1152
9077,Albert Street,2022-04-01,1005
9077,Albert Street,2022-04-02,520
9077,Albert Street,2022-04-03,520
9077,Albert Street,2022-04-04,1001
9077,Albert Street,2022-04-05,1227
9077,Albert Street,2022-04-06,1281
9077,Albert Street,2022-04-07,1272
9077,Albert Street,2022-04-08,1086
9077,Albert Street,2022-04-09,629
9077,Albert Street,2022-04-10,588
9077,Albert Street,2022-04-11,785
9077,Albert Street,2022-04-12,1192
9077,Albert Street,2022-04-13,1110
9077,Albert Street,2022-04-14,1081
9077,Albert Street,2022-04-15,466
9077,Albert Street,2022-04-16,504
9077,Albert Street,2022-04-17,387
9077,Albert Street,2022-04-18,193
9077,Albert Street,2022-04-19,371
9077,Albert Street,2022-04-20,800
9077,Albert Street,2022-04-21,835
9077,Albert Street,2022-04-22,813
9077,Albert Street,2022-04-23,567
9077,Albert Street,2022-04-24,542
9077,Albert Street,2022-04-25,524
9077,Albert Street,2022-04-26,1078
9077,Albert Street,2022-04-27,1130
9077,Albert Street,2022-04-28,1242
9077,Albert Street,2022-04-29,777
9077,Albert Street,2022-04-30,527
9077,Albert Street,2022-05-01,503
9077,Albert Street,2022-05-02,963
9077,Albert Street,2022-05-03,1268
9077,Albert Street,2022-05-04,971
9077,Albert Street,2022-05-05,981
9077,Albert Street,2022-05-06,817
9077,Albert Street,2022-05-07,417
9077,Albert Street,2022-05-08,456
9077,Albert Street,2022-05-09,984
9077,Albert Street,2022-05-10,1130
9077,Albert Street,2022-05-11,1090
9077,Albert Street,2022-05-12,1060
9077,Albert Street,2022-05-13,789
9077,Albert Street,2022-05-14,406
9077,Albert Street,2022-05-15,479
9077,Albert Street,2022-05-16,860
9077,Albert Street,2022-05-17,1040
9077,Albert Street,2022-05-18,990
9077,Albert Street,2022-05-19,1086
9077,Albert Street,2022-05-20,894
9077,Albert Street,2022-05-21,585
9077,Albert Street,2022-05-22,395
9077,Albert Street,2022-05-23,903
9077,Albert Street,2022-05-24,1092
9077,Albert Street,2022-05-25,1092
9077,Albert Street,2022-05-26,865
9077,Albert Street,2022-05-27,823
9077,Albert Street,2022-05-28,570
9077,Albert Street,2022-05-29,547
9077,Albert Street,2022-05-30,549
9077,Albert Street,2022-05-31,660
9077,Albert Street,2022-06-01,423
9077,Albert Street,2022-06-02,928
9077,Albert Street,2022-06-03,804
9077,Albert Street,2022-06-04,425
9077,Albert Street,2022-06-05,304
9077,Albert Street,2022-06-06,653
9077,Albert Street,2022-06-07,529
9077,Albert Street,2022-06-08,764
9077,Albert Street,2022-06-09,840
9077,Albert Street,2022-06-10,775
9077,Albert Street,2022-06-11,378
9077,Albert Street,2022-06-12,267
9077,Albert Street,2022-06-13,384
9077,Albert Street,2022-06-14,879
9077,Albert Street,2022-06-15,702
9077,Albert Street,2022-06-16,726
9077,Albert Street,2022-06-17,724
9077,Albert Street,2022-06-18,477
9077,Albert Street,2022-06-19,374
9077,Albert Street,2022-06-20,825
9077,Albert Street,2022-06-21,842
9077,Albert Street,2022-06-22,908
9077,Albert Street,2022-06-23,1004
9077,Albert Street,2022-06-24,680
9077,Albert Street,2022-06-25,492
9077,Albert Street,2022-06-26,258
9077,Albert Street,2022-06-27,719
9077,Albert Street,2022-06-28,779
9077,Albert Street,2022-06-29,826
9077,Albert Street,2022-06-30,878
9077,Albert Street,2022-07-01,714
9077,Albert Street,2022-07-02,435
9077,Albert Street,2022-07-03,420
9077,Albert Street,2022-07-04,752
9077,Albert Street,2022-07-05,807
9077,Albert Street,2022-07-06,842
9077,Albert Street,2022-07-07,754
9077,Albert Street,2022-07-08,430
9077,Albert Street,2022-07-09,374
9077,Albert Street,2022-07-10,362
9077,Albert Street,2022-07-11,804
9077,Albert Street,2022-07-12,579
9077,Albert Street,2022-07-13,689
9077,Albert Street,2022-07-14,824
9077,Albert Street,2022-07-15,750
9077,Albert Street,2022-07-16,409
9077,Albert Street,2022-07-17,269
9077,Albert Street,2022-07-18,693
9077,Albert Street,2022-07-19,877
9077,Albert Street,2022-07-20,788
9077,Albert Street,2022-07-21,783
9077,Albert Street,2022-07-22,772
9077,Albert Street,2022-07-23,205
9077,Albert Street,2022-07-24,490
9077,Albert Street,2022-07-25,600
9077,Albert Street,2022-07-26,715
9077,Albert Street,2022-07-27,594
9077,Albert Street,2022-07-28,642
9077,Albert Street,2022-07-29,624
9077,Albert Street,2022-07-30,442
9077,Albert Street,2022-07-31,373
9077,Albert Street,2022-08-01,747
9077,Albert Street,2022-08-02,848
9077,Albert Street,2022-08-03,799
9077,Albert Street,2022-08-04,886
9077,Albert Street,2022-08-05,638
9077,Albert Street,2022-08-06,329
9077,Albert Street,2022-08-07,346
9077,Albert Street,2022-08-08,732
9077,Albert Street,2022-08-09,916
9077,Albert Street,2022-08-10,921
9077,Albert Street,2022-08-11,813
9077,Albert Street,2022-08-12,699
9077,Albert Street,2022-08-13,460
9077,Albert Street,2022-08-14,375
9077,Albert Street,2022-08-15,710
9077,Albert Street,2022-08-16,671
9077,Albert Street,2022-08-17,822
9077,Albert Street,2022-08-18,676
9077,Albert Street,2022-08-19,727
9077,Albert Street,2022-08-20,403
9077,Albert Street,2022-08-21,535
9077,Albert Street,2022-08-22,555
9077,Albert Street,2022-08-23,693
9077,Albert Street,2022-08-24,731
9077,Albert Street,2022-08-25,722
9077,Albert Street,2022-08-26,739
9077,Albert Street,2022-08-27,491
9077,Albert Street,2022-08-28,369
9077,Albert Street,2022-08-29,610
9077,Albert Street,2022-08-30,713
9077,Albert Street,2022-08-31,956
9077,Albert Street,2022-09-01,926
9077,Albert Street,2022-09-02,872
9077,Albert Street,2022-09-03,517
9077,Albert Street,2022-09-04,364
9077,Albert Street,2022-09-05,850
9077,Albert Street,2022-09-06,1050
9077,Albert Street,2022-09-07,1025
9077,Albert Street,2022-09-08,725
9077,Albert Street,2022-09-09,925
9077,Albert Street,2022-09-10,408
9077,Albert Street,2022-09-11,350
9077,Albert Street,2022-09-12,868
9077,Albert Street,2022-09-13,962
9077,Albert Street,2022-09-14,987
9077,Albert Street,2022-09-15,937
9077,Albert Street,2022-09-16,772
9077,Albert Street,2022-09-17,302
9077,Albert Street,2022-09-18,252
9077,Albert Street,2022-09-19,792
9077,Albert Street,2022-09-20,1027
9077,Albert Street,2022-09-21,965
9077,Albert Street,2022-09-22,513
9077,Albert Street,2022-09-23,447
9077,Albert Street,2022-09-24,562
9077,Albert Street,2022-09-25,409
9077,Albert Street,2022-09-26,666
9077,Albert Street,2022-09-27,738
9077,Albert Street,2022-09-28,833
9077,Albert Street,2022-09-29,1085
9077,Albert Street,2022-09-30,950
9077,Albert Street,2022-10-01,581
9077,Albert Street,2022-10-02,670
9077,Albert Street,2022-10-03,988
9077,Albert Street,2022-10-04,1166
9077,Albert Street,2022-10-05,737
9077,Albert Street,2022-10-06,999
9077,Albert Street,2022-10-07,621
9077,Albert Street,2022-10-08,581
9077,Albert Street,2022-10-09,398
9077,Albert Street,2022-10-10,1043
9077,Albert Street,2022-10-11,1257
9077,Albert Street,2022-10-12,587
9077,Albert Street,2022-10-13,314
9077,Albert Street,2022-10-14,676
9077,Albert Street,2022-10-15,529
9077,Albert Street,2022-10-16,413
9077,Albert Street,2022-10-17,1039
9077,Albert Street,2022-10-18,1278
9077,Albert Street,2022-10-19,1332
9077,Albert Street,2022-10-20,1279
9077,Albert Street,2022-10-21,811
9077,Albert Street,2022-10-22,344
9077,Albert Street,2022-10-23,455
9077,Albert Street,2022-10-24,829
9077,Albert Street,2022-10-25,957
9077,Albert Street,2022-10-26,814
9077,Albert Street,2022-10-27,683
9077,Albert Street,2022-10-28,575
9077,Albert Street,2022-10-29,325
9077,Albert Street,2022-10-30,397
9077,Albert Street,2022-10-31,511
9077,Albert Street,2022-11-01,254
9077,Albert Street,2022-11-02,894
9077,Albert Street,2022-11-03,977
9077,Albert Street,2022-11-04,963
9077,Albert Street,2022-11-05,538
9077,Albert Street,2022-11-06,507
9077,Albert Street,2022-11-07,1089
9077,Albert Street,2022-11-08,1205
9077,Albert Street,2022-11-09,1227
9077,Albert Street,2022-11-10,1053
9077,Albert Street,2022-11-11,923
9077,Albert Street,2022-11-12,488
9077,Albert Street,2022-11-13,433
9077,Albert Street,2022-11-14,481
9077,Albert Street,2022-11-15,775
9077,Albert Street,2022-11-16,921
9077,Albert Street,2022-11-17,951
9077,Albert Street,2022-11-18,1054
9077,Albert Street,2022-11-19,370
9077,Albert Street,2022-11-20,389
9077,Albert Street,2022-11-21,697
9077,Albert Street,2022-11-22,1013
9077,Albert Street,2022-11-23,995
9077,Albert Street,2022-11-24,1180
9077,Albert Street,2022-11-25,953
9077,Albert Street,2022-11-26,502
9077,Albert Street,2022-11-27,399
9077,Albert Street,2022-11-28,911
9077,Albert Street,2022-11-29,1243
9077,Albert Street,2022-11-30,1223
9077,Albert Street,2022-12-01,1230
9077,Albert Street,2022-12-02,1086
9077,Albert Street,2022-12-03,697
9077,Albert Street,2022-12-04,488
9077,Albert Street,2022-12-05,876
9077,Albert Street,2022-12-06,1189
9077,Albert Street,2022-12-07,1261
9077,Albert Street,2022-12-08,964
9077,Albert Street,2022-12-09,975
9077,Albert Street,2022-12-10,615
9077,Albert Street,2022-12-11,365
9077,Albert Street,2022-12-12,554
9077,Albert Street,2022-12-13,924
9077,Albert Street,2022-12-14,727
9077,Albert Street,2022-12-15,975
9077,Albert Street,2022-12-16,976
9077,Albert Street,2022-12-17,578
9077,Albert Street,2022-12-18,535
9077,Albert Street,2022-12-19,994
9077,Albert Street,2022-12-20,1170
9077,Albert Street,2022-12-21,1075
9077,Albert Street,2022-12-22,624
9077,Albert Street,2022-12-23,735
9077,Albert Street,2022-12-24,445
9077,Albert Street,2022-12-25,215
32493,Wellington Street,2019-01-01,205
32493,Wellington Street,2019-01-02,647
32493,Wellington Street,2019-01-03,772
32493,Wellington Street,2019-01-04,442
32493,Wellington Street,2019-01-05,325
32493,Wellington Street,2019-01-06,418
32493,Wellington Street,2019-01-07,1193
32493,Wellington Street,2019-01-08,1331
32493,Wellington Street,2019-01-09,1196
32493,Wellington Street,2019-01-10,1414
32493,Wellington Street,2019-01-11,1100
32493,Wellington Street,2019-01-12,438
32493,Wellington Street,2019-01-13,386
32493,Wellington Street,2019-01-14,1293
32493,Wellington Street,2019-01-15,1311
32493,Wellington Street,2019-01-16,1368
32493,Wellington Street,2019-01-17,710
32493,Wellington Street,2019-01-18,576
32493,Wellington Street,2019-01-19,505
32493,Wellington Street,2019-01-20,491
32493,Wellington Street,2019-01-21,1352
32493,Wellington Street,2019-01-22,1500
32493,Wellington Street,2019-01-23,1470
32493,Wellington Street,2019-01-24,1155
32493,Wellington Street,2019-01-25,715
32493,Wellington Street,2019-01-26,521
32493,Wellington Street,2019-01-27,396
32493,Wellington Street,2019-01-28,372
32493,Wellington Street,2019-01-29,1382
32493,Wellington Street,2019-01-30,1190
32493,Wellington Street,2019-01-31,1400
32493,Wellington Street,2019-02-01,1373
32493,Wellington Street,2019-02-02,536
32493,Wellington Street,2019-02-03,351
32493,Wellington Street,2019-02-04,1494
32493,Wellington Street,2019-02-05,1642
32493,Wellington Street,2019-02-06,1311
32493,Wellington Street,2019-02-07,1241
32493,Wellington Street,2019-02-08,1256
32493,Wellington Street,2019-02-09,382
32493,Wellington Street,2019-02-10,481
32493,Wellington Street,2019-02-11,1571
32493,Wellington Street,2019-02-12,1365
32493,Wellington Street,2019-02-13,1456
32493,Wellington Street,2019-02-14,1445
32493,Wellington Street,2019-02-15,1236
32493,Wellington Street,2019-02-16,583
32493,Wellington Street,2019-02-17,411
32493,Wellington Street,2019-02-18,1457
32493,Wellington Street,2019-02-19,1631
32493,Wellington Street,2019-02-20,1561
32493,Wellington Street,2019-02-21,1501
32493,Wellington Street,2019-02-22,1272
32493,Wellington Street,2019-02-23,498
32493,Wellington Street,2019-02-24,400
32493,Wellington Street,2019-02-25,1493
32493,Wellington Street,2019-02-26,1612
32493,Wellington Street,2019-02-27,1537
32493,Wellington Street,2019-02-28,1385
32493,Wellington Street,2019-03-01,1074
32493,Wellington Street,2019-03-02,393
32493,Wellington Street,2019-03-03,258
32493,Wellington Street,2019-03-04,1517
32493,Wellington Street,2019-03-05,1576
32493,Wellington Street,2019-03-06,1357
32493,Wellington Street,2019-03-07,1485
32493,Wellington Street,2019-03-08,1192
32493,Wellington Street,2019-03-09,427
32493,Wellington Street,2019-03-10,359
32493,Wellington Street,2019-03-11,384
32493,Wellington Street,2019-03-12,1417
32493,Wellington Street,2019-03-13,1507
32493,Wellington Street,2019-03-14,1420
32493,Wellington Street,2019-03-15,1270
32493,Wellington Street,2019-03-16,573
32493,Wellington Street,2019-03-17,436
32493,Wellington Street,2019-03-18,1575
32493,Wellington Street,2019-03-19,1588
32493,Wellington Street,2019-03-20,1492
32493,Wellington Street,2019-03-21,1529
32493,Wellington Street,2019-03-22,1313
32493,Wellington Street,2019-03-23,359
32493,Wellington Street,2019-03-24,384
32493,Wellington Street,2019-03-25,1372
32493,Wellington Street,2019-03-26,1554
32493,Wellington Street,2019-03-27,1510
32493,Wellington Street,2019-03-28,1549
32493,Wellington Street,2019-03-29,1143
32493,Wellington Street,2019-03-30,211
32493,Wellington Street,2019-03-31,280
32493,Wellington Street,2019-04-01,1416
32493,Wellington Street,2019-04-02,1586
32493,Wellington Street,2019-04-03,1467
32493,Wellington Street,2019-04-04,1498
32493,Wellington Street,2019-04-05,1267
32493,Wellington Street,2019-04-06,561
32493,Wellington Street,2019-04-07,497
32493,Wellington Street,2019-04-08,1398
32493,Wellington Street,2019-04-09,1342
32493,Wellington Street,2019-04-10,1233
32493,Wellington Street,2019-04-11,1386
32493,Wellington Street,2019-04-12,1164
32493,Wellington Street,2019-04-13,490
32493,Wellington Street,2019-04-14,479
32493,Wellington Street,2019-04-15,1348
32493,Wellington Street,2019-04-16,1467
32493,Wellington Street,2019-04-17,1365
32493,Wellington Street,2019-04-18,1180
32493,Wellington Street,2019-04-19,397
32493,Wellington Street,2019-04-20,337
32493,Wellington Street,2019-04-21,259
32493,Wellington Street,2019-04-22,289
32493,Wellington Street,2019-04-23,1097
32493,Wellington Street,2019-04-24,1117
32493,Wellington Street,2019-04-25,492
32493,Wellington Street,2019-04-26,663
32493,Wellington Street,2019-04-27,350
32493,Wellington Street,2019-04-28,301
32493,Wellington Street,2019-04-29,1471
32493,Wellington Street,2019-04-30,1488
32493,Wellington Street,2019-05-01,1219
32493,Wellington Street,2019-05-02,460
32493,Wellington Street,2019-05-03,556
32493,Wellington Street,2019-05-04,428
32493,Wellington Street,2019-05-05,401
32493,Wellington Street,2019-05-06,1361
32493,Wellington Street,2019-05-07,1452
32493,Wellington Street,2019-05-08,1200
32493,Wellington Street,2019-05-09,1068
32493,Wellington Street,2019-05-10,554
32493,Wellington Street,2019-05-11,283
32493,Wellington Street,2019-05-12,290
32493,Wellington Street,2019-05-13,802
32493,Wellington Street,2019-05-14,1427
32493,Wellington Street,2019-05-15,1322
32493,Wellington Street,2019-05-16,1377
32493,Wellington Street,2019-05-17,750
32493,Wellington Street,2019-05-18,544
32493,Wellington Street,2019-05-19,431
32493,Wellington Street,2019-05-20,1203
32493,Wellington Street,2019-05-21,1611
32493,Wellington Street,2019-05-22,1477
32493,Wellington Street,2019-05-23,1380
32493,Wellington Street,2019-05-24,910
32493,Wellington Street,2019-05-25,374
32493,Wellington Street,2019-05-26,254
32493,Wellington Street,2019-05-27,1034
32493,Wellington Street,2019-05-28,1042
32493,Wellington Street,2019-05-29,930
32493,Wellington Street,2019-05-30,999
32493,Wellington Street,2019-05-31,774
32493,Wellington Street,2019-06-01,314
32493,Wellington Street,2019-06-02,309
32493,Wellington Street,2019-06-03,684
32493,Wellington Street,2019-06-04,1173
32493,Wellington Street,2019-06-05,811
32493,Wellington Street,2019-06-06,1224
32493,Wellington Street,2019-06-07,1080
32493,Wellington Street,2019-06-08,327
32493,Wellington Street,2019-06-09,283
32493,Wellington Street,2019-06-10,264
32493,Wellington Street,2019-06-11,1332
32493,Wellington Street,2019-06-12,841
32493,Wellington Street,2019-06-13,1172
32493,Wellington Street,2019-06-14,987
32493,Wellington Street,2019-06-15,354
32493,Wellington Street,2019-06-16,274
32493,Wellington Street,2019-06-17,1256
32493,Wellington Street,2019-06-18,1008
32493,Wellington Street,2019-06-19,1022
32493,Wellington Street,2019-06-20,751
32493,Wellington Street,2019-06-21,755
32493,Wellington Street,2019-06-22,277
32493,Wellington Street,2019-06-23,261
32493,Wellington Street,2019-06-24,1069
32493,Wellington Street,2019-06-25,1178
32493,Wellington Street,2019-06-26,1127
32493,Wellington Street,2019-06-27,1078
32493,Wellington Street,2019-06-28,853
32493,Wellington Street,2019-06-29,167
32493,Wellington Street,2019-06-30,332
32493,Wellington Street,2019-07-01,1058
32493,Wellington Street,2019-07-02,1019
32493,Wellington Street,2019-07-03,1099
32493,Wellington Street,2019-07-04,1101
32493,Wellington Street,2019-07-05,981
32493,Wellington Street,2019-07-06,366
32493,Wellington Street,2019-07-07,253
32493,Wellington Street,2019-07-08,1023
32493,Wellington Street,2019-07-09,1076
32493,Wellington Street,2019-07-10,946
32493,Wellington Street,2019-07-11,790
32493,Wellington Street,2019-07-12,568
32493,Wellington Street,2019-07-13,205
32493,Wellington Street,2019-07-14,203
32493,Wellington Street,2019-07-15,979
32493,Wellington Street,2019-07-16,931
32493,Wellington Street,2019-07-17,911
32493,Wellington Street,2019-07-18,1153
32493,Wellington Street,2019-07-19,872
32493,Wellington Street,2019-07-20,381
32493,Wellington Street,2019-07-21,324
32493,Wellington Street,2019-07-22,1179
32493,Wellington Street,2019-07-23,827
32493,Wellington Street,2019-07-24,951
32493,Wellington Street,2019-07-25,1203
32493,Wellington Street,2019-07-26,730
32493,Wellington Street,2019-07-27,332
32493,Wellington Street,2019-07-28,329
32493,Wellington Street,2019-07-29,1178
32493,Wellington Street,2019-07-30,1237
32493,Wellington Street,2019-07-31,1165
32493,Wellington Street,2019-08-01,1096
32493,Wellington Street,2019-08-02,982
32493,Wellington Street,2019-08-03,342
32493,Wellington Street,2019-08-04,341
32493,Wellington Street,2019-08-05,588
32493,Wellington Street,2019-08-06,469
32493,Wellington Street,2019-08-07,484
32493,Wellington Street,2019-08-08,390
32493,Wellington Street,2019-08-09,236
32493,Wellington Street,2019-08-10,68
32493,Wellington Street,2019-08-11,52
32493,Wellington Street,2019-08-12,433
32493,Wellington Street,2019-08-13,448
32493,Wellington Street,2019-08-14,432
32493,Wellington Street,2019-08-15,446
32493,Wellington Street,2019-08-16,280
32493,Wellington Street,2019-08-17,196
32493,Wellington Street,2019-08-18,111
32493,Wellington Street,2019-08-19,463
32493,Wellington Street,2019-08-20,531
32493,Wellington Street,2019-08-21,454
32493,Wellington Street,2019-08-22,473
32493,Wellington Street,2019-08-23,428
32493,Wellington Street,2019-08-24,136
32493,Wellington Street,2019-08-25,149
32493,Wellington Street,2019-08-26,556
32493,Wellington Street,2019-08-27,562
32493,Wellington Street,2019-08-28,438
32493,Wellington Street,2019-08-29,490
32493,Wellington Street,2019-08-30,455
32493,Wellington Street,2019-08-31,215
32493,Wellington Street,2019-09-01,116
32493,Wellington Street,2019-09-02,540
32493,Wellington Street,2019-09-03,618
32493,Wellington Street,2019-09-04,566
32493,Wellington Street,2019-09-05,487
32493,Wellington Street,2019-09-06,351
32493,Wellington Street,2019-09-07,132
32493,Wellington Street,2019-09-08,108
32493,Wellington Street,2019-09-09,340
32493,Wellington Street,2019-09-10,554
32493,Wellington Street,2019-09-11,589
32493,Wellington Street,2019-09-12,473
32493,Wellington Street,2019-09-13,497
32493,Wellington Street,2019-09-14,240
32493,Wellington Street,2019-09-15,84
32493,Wellington Street,2019-09-16,492
32493,Wellington Street,2019-09-17,632
32493,Wellington Street,2019-09-18,612
32493,Wellington Street,2019-09-19,614
32493,Wellington Street,2019-09-20,532
32493,Wellington Street,2019-09-21,146
32493,Wellington Street,2019-09-22,151
32493,Wellington Street,2019-09-23,467
32493,Wellington Street,2019-09-24,567
32493,Wellington Street,2019-09-25,554
32493,Wellington Street,2019-09-26,539
32493,Wellington Street,2019-09-27,140
32493,Wellington Street,2019-09-28,179
32493,Wellington Street,2019-09-29,120
32493,Wellington Street,2019-09-30,476
32493,Wellington Street,2019-10-01,598
32493,Wellington Street,2019-10-02,626
32493,Wellington Street,2019-10-03,606
32493,Wellington Street,2019-10-04,406
32493,Wellington Street,2019-10-05,206
32493,Wellington Street,2019-10-06,173
32493,Wellington Street,2019-10-07,617
32493,Wellington Street,2019-10-08,503
32493,Wellington Street,2019-10-09,492
32493,Wellington Street,2019-10-10,561
32493,Wellington Street,2019-10-11,537
32493,Wellington Street,2019-10-12,240
32493,Wellington Street,2019-10-13,48
32493,Wellington Street,2019-10-14,633
32493,Wellington Street,2019-10-15,680
32493,Wellington Street,2019-10-16,512
32493,Wellington Street,2019-10-17,443
32493,Wellington Street,2019-10-18,540
32493,Wellington Street,2019-10-19,174
32493,Wellington Street,2019-10-20,170
32493,Wellington Street,2019-10-21,664
32493,Wellington Street,2019-10-22,691
32493,Wellington Street,2019-10-23,742
32493,Wellington Street,2019-10-24,704
32493,Wellington Street,2019-10-25,460
32493,Wellington Street,2019-10-26,117
32493,Wellington Street,2019-10-27,152
32493,Wellington Street,2019-10-28,680
32493,Wellington Street,2019-10-29,723
32493,Wellington Street,2019-10-30,713
32493,Wellington Street,2019-10-31,635
32493,Wellington Street,2019-11-01,503
32493,Wellington Street,2019-11-02,56
32493,Wellington Street,2019-11-03,100
32493,Wellington Street,2019-11-04,285
32493,Wellington Street,2019-11-05,191
32493,Wellington Street,2019-11-06,625
32493,Wellington Street,2019-11-07,464
32493,Wellington Street,2019-11-08,319
32493,Wellington Street,2019-11-09,106
32493,Wellington Street,2019-11-10,159
32493,Wellington Street,2019-11-11,714
32493,Wellington Street,2019-11-12,557
32493,Wellington Street,2019-11-13,601
32493,Wellington Street,2019-11-14,614
32493,Wellington Street,2019-11-15,412
32493,Wellington Street,2019-11-16,233
32493,Wellington Street,2019-11-17,190
32493,Wellington Street,2019-11-18,690
32493,Wellington Street,2019-11-19,701
32493,Wellington Street,2019-11-20,730
32493,Wellington Street,2019-11-21,569
32493,Wellington Street,2019-11-22,571
32493,Wellington Street,2019-11-23,248
32493,Wellington Street,2019-11-24,234
32493,Wellington Street,2019-11-25,524
32493,Wellington Street,2019-11-26,470
32493,Wellington Street,2019-11-27,725
32493,Wellington Street,2019-11-28,713
32493,Wellington Street,2019-11-29,548
32493,Wellington Street,2019-11-30,187
32493,Wellington Street,2019-12-01,157
32493,Wellington Street,2019-12-02,570
32493,Wellington Street,2019-12-03,630
32493,Wellington Street,2019-12-04,701
32493,Wellington Street,2019-12-05,653
32493,Wellington Street,2019-12-06,513
32493,Wellington Street,2019-12-07,222
32493,Wellington Street,2019-12-08,188
32493,Wellington Street,2019-12-09,637
32493,Wellington Street,2019-12-10,663
32493,Wellington Street,2019-12-11,699
32493,Wellington Street,2019-12-12,641
32493,Wellington Street,2019-12-13,512
32493,Wellington Street,2019-12-14,176
32493,Wellington Street,2019-12-15,210
32493,Wellington Street,2019-12-16,546
32493,Wellington Street,2019-12-17,710
32493,Wellington Street,2019-12-18,538
32493,Wellington Street,2019-12-19,618
32493,Wellington Street,2019-12-20,322
32493,Wellington Street,2019-12-21,161
32493,Wellington Street,2019-12-22,158
32493,Wellington Street,2019-12-23,311
32493,Wellington Street,2019-12-24,246
32493,Wellington Street,2019-12-25,65
32493,Wellington Street,2019-12-26,158
32493,Wellington Street,2019-12-27,200
32493,Wellington Street,2019-12-28,165
32493,Wellington Street,2019-12-29,141
32493,Wellington Street,2019-12-30,107
32493,Wellington Street,2019-12-31,198
32493,Wellington Street,2020-01-01,108
32493,Wellington Street,2020-01-02,311
32493,Wellington Street,2020-01-03,260
32493,Wellington Street,2020-01-04,184
32493,Wellington Street,2020-01-05,93
32493,Wellington Street,2020-01-06,342
32493,Wellington Street,2020-01-07,479
32493,Wellington Street,2020-01-08,584
32493,Wellington Street,2020-01-09,578
32493,Wellington Street,2020-01-10,317
32493,Wellington Street,2020-01-11,199
32493,Wellington Street,2020-01-12,173
32493,Wellington Street,2020-01-13,643
32493,Wellington Street,2020-01-14,520
32493,Wellington Street,2020-01-15,359
32493,Wellington Street,2020-01-16,478
32493,Wellington Street,2020-01-17,522
32493,Wellington Street,2020-01-18,164
32493,Wellington Street,2020-01-19,168
32493,Wellington Street,2020-01-20,315
32493,Wellington Street,2020-01-21,550
32493,Wellington Street,2020-01-22,530
32493,Wellington Street,2020-01-23,332
32493,Wellington Street,2020-01-24,493
32493,Wellington Street,2020-01-25,234
32493,Wellington Street,2020-01-26,211
32493,Wellington Street,2020-01-27,211
32493,Wellington Street,2020-01-28,744
32493,Wellington Street,2020-01-29,798
32493,Wellington Street,2020-01-30,590
32493,Wellington Street,2020-01-31,480
32493,Wellington Street,2020-02-01,84
32493,Wellington Street,2020-02-02,200
32493,Wellington Street,2020-02-03,651
32493,Wellington Street,2020-02-04,773
32493,Wellington Street,2020-02-05,755
32493,Wellington Street,2020-02-06,762
32493,Wellington Street,2020-02-07,558
32493,Wellington Street,2020-02-08,243
32493,Wellington Street,2020-02-09,229
32493,Wellington Street,2020-02-10,635
32493,Wellington Street,2020-02-11,742
32493,Wellington Street,2020-02-12,721
32493,Wellington Street,2020-02-13,724
32493,Wellington Street,2020-02-14,513
32493,Wellington Street,2020-02-15,95
32493,Wellington Street,2020-02-16,208
32493,Wellington Street,2020-02-17,769
32493,Wellington Street,2020-02-18,520
32493,Wellington Street,2020-02-19,470
32493,Wellington Street,2020-02-20,627
32493,Wellington Street,2020-02-21,485
32493,Wellington Street,2020-02-22,237
32493,Wellington Street,2020-02-23,202
32493,Wellington Street,2020-02-24,717
32493,Wellington Street,2020-02-25,677
32493,Wellington Street,2020-02-26,680
32493,Wellington Street,2020-02-27,754
32493,Wellington Street,2020-02-28,559
32493,Wellington Street,2020-02-29,236
32493,Wellington Street,2020-03-01,188
32493,Wellington Street,2020-03-02,616
32493,Wellington Street,2020-03-03,706
32493,Wellington Street,2020-03-04,641
32493,Wellington Street,2020-03-05,340
32493,Wellington Street,2020-03-06,527
32493,Wellington Street,2020-03-07,170
32493,Wellington Street,2020-03-08,188
32493,Wellington Street,2020-03-09,204
32493,Wellington Street,2020-03-10,750
32493,Wellington Street,2020-03-11,792
32493,Wellington Street,2020-03-12,771
32493,Wellington Street,2020-03-13,512
32493,Wellington Street,2020-03-14,207
32493,Wellington Street,2020-03-15,159
32493,Wellington Street,2020-03-16,373
32493,Wellington Street,2020-03-17,678
32493,Wellington Street,2020-03-18,579
32493,Wellington Street,2020-03-19,563
32493,Wellington Street,2020-03-20,463
32493,Wellington Street,2020-03-21,199
32493,Wellington Street,2020-03-22,149
32493,Wellington Street,2020-03-23,382
32493,Wellington Street,2020-03-24,330
32493,Wellington Street,2020-03-25,279
32493,Wellington Street,2020-03-26,236
32493,Wellington Street,2020-03-27,253
32493,Wellington Street,2020-03-28,172
32493,Wellington Street,2020-03-29,125
32493,Wellington Street,2020-03-30,217
32493,Wellington Street,2020-03-31,221
32493,Wellington Street,2020-04-01,211
32493,Wellington Street,2020-04-02,128
32493,Wellington Street,2020-04-03,203
32493,Wellington Street,2020-04-04,72
32493,Wellington Street,2020-04-05,61
32493,Wellington Street,2020-04-06,205
32493,Wellington Street,2020-04-07,214
32493,Wellington Street,2020-04-08,234
32493,Wellington Street,2020-04-09,246
32493,Wellington Street,2020-04-10,207
32493,Wellington Street,2020-04-11,84
32493,Wellington Street,2020-04-12,150
32493,Wellington Street,2020-04-13,247
32493,Wellington Street,2020-04-14,242
32493,Wellington Street,2020-04-15,256
32493,Wellington Street,2020-04-16,197
32493,Wellington Street,2020-04-17,226
32493,Wellington Street,2020-04-18,219
32493,Wellington Street,2020-04-19,258
32493,Wellington Street,2020-04-20,138
32493,Wellington Street,2020-04-21,250
32493,Wellington Street,2020-04-22,23
32493,Wellington Street,2020-04-23,202
32493,Wellington Street,2020-04-24,287
32493,Wellington Street,2020-04-25,276
32493,Wellington Street,2020-04-26,149
32493,Wellington Street,2020-04-27,255
32493,Wellington Street,2020-04-28,254
32493,Wellington Street,2020-04-29,91
32493,Wellington Street,2020-04-30,135
32493,Wellington Street,2020-05-01,100
32493,Wellington Street,2020-05-02,106
32493,Wellington Street,2020-05-03,230
32493,Wellington Street,2020-05-04,184
32493,Wellington Street,2020-05-05,255
32493,Wellington Street,2020-05-06,236
32493,Wellington Street,2020-05-07,215
32493,Wellington Street,2020-05-08,254
32493,Wellington Street,2020-05-09,89
32493,Wellington Street,2020-05-10,223
32493,Wellington Street,2020-05-11,224
32493,Wellington Street,2020-05-12,244
32493,Wellington Street,2020-05-13,190
32493,Wellington Street,2020-05-14,268
32493,Wellington Street,2020-05-15,253
32493,Wellington Street,2020-05-16,302
32493,Wellington Street,2020-05-17,236
32493,Wellington Street,2020-05-18,179
32493,Wellington Street,2020-05-19,230
32493,Wellington Street,2020-05-20,168
32493,Wellington Street,2020-05-21,127
32493,Wellington Street,2020-05-22,234
32493,Wellington Street,2020-05-23,138
32493,Wellington Street,2020-05-24,177
32493,Wellington Street,2020-05-25,252
32493,Wellington Street,2020-05-26,311
32493,Wellington Street,2020-05-27,276
32493,Wellington Street,2020-05-28,267
32493,Wellington Street,2020-05-29,286
32493,Wellington Street,2020-05-30,264
32493,Wellington Street,2020-05-31,197
32493,Wellington Street,2020-06-01,101
32493,Wellington Street,2020-06-02,223
32493,Wellington Street,2020-06-03,244
32493,Wellington Street,2020-06-04,282
32493,Wellington Street,2020-06-05,278
32493,Wellington Street,2020-06-06,494
32493,Wellington Street,2020-06-07,133
32493,Wellington Street,2020-06-08,153
32493,Wellington Street,2020-06-09,252
32493,Wellington Street,2020-06-10,261
32493,Wellington Street,2020-06-11,256
32493,Wellington Street,2020-06-12,279
32493,Wellington Street,2020-06-13,185
32493,Wellington Street,2020-06-14,168
32493,Wellington Street,2020-06-15,270
32493,Wellington Street,2020-06-16,225
32493,Wellington Street,2020-06-17,317
32493,Wellington Street,2020-06-18,303
32493,Wellington Street,2020-06-19,265
32493,Wellington Street,2020-06-20,201
32493,Wellington Street,2020-06-21,123
32493,Wellington Street,2020-06-22,159
32493,Wellington Street,2020-06-23,209
32493,Wellington Street,2020-06-24,173
32493,Wellington Street,2020-06-25,267
32493,Wellington Street,2020-06-26,255
32493,Wellington Street,2020-06-27,232
32493,Wellington Street,2020-06-28,224
32493,Wellington Street,2020-06-29,219
32493,Wellington Street,2020-06-30,228
32493,Wellington Street,2020-07-01,240
32493,Wellington Street,2020-07-02,170
32493,Wellington Street,2020-07-03,171
32493,Wellington Street,2020-07-04,129
32493,Wellington Street,2020-07-05,100
32493,Wellington Street,2020-07-06,187
32493,Wellington Street,2020-07-07,228
32493,Wellington Street,2020-07-08,260
32493,Wellington Street,2020-07-09,252
32493,Wellington Street,2020-07-10,261
32493,Wellington Street,2020-07-11,84
32493,Wellington Street,2020-07-12,154
32493,Wellington Street,2020-07-13,187
32493,Wellington Street,2020-07-14,223
32493,Wellington Street,2020-07-15,242
32493,Wellington Street,2020-07-16,217
32493,Wellington Street,2020-07-17,181
32493,Wellington Street,2020-07-18,174
32493,Wellington Street,2020-07-19,127
32493,Wellington Street,2020-07-20,165
32493,Wellington Street,2020-07-21,213
32493,Wellington Street,2020-07-22,180
32493,Wellington Street,2020-07-23,216
32493,Wellington Street,2020-07-24,233
32493,Wellington Street,2020-07-25,153
32493,Wellington Street,2020-07-26,169
32493,Wellington Street,2020-07-27,195
32493,Wellington Street,2020-07-28,260
32493,Wellington Street,2020-07-29,279
32493,Wellington Street,2020-07-30,430
32493,Wellington Street,2020-07-31,475
32493,Wellington Street,2020-08-01,409
32493,Wellington Street,2020-08-02,416
32493,Wellington Street,2020-08-03,333
32493,Wellington Street,2020-08-04,220
32493,Wellington Street,2020-08-05,258
32493,Wellington Street,2020-08-06,244
32493,Wellington Street,2020-08-07,204
32493,Wellington Street,2020-08-08,190
32493,Wellington Street,2020-08-09,224
32493,Wellington Street,2020-08-10,265
32493,Wellington Street,2020-08-11,237
32493,Wellington Street,2020-08-12,230
32493,Wellington Street,2020-08-13,288
32493,Wellington Street,2020-08-14,240
32493,Wellington Street,2020-08-15,59
32493,Wellington Street,2020-08-16,114
32493,Wellington Street,2020-08-17,270
32493,Wellington Street,2020-08-18,182
32493,Wellington Street,2020-08-19,126
32493,Wellington Street,2020-08-20,173
32493,Wellington Street,2020-08-21,224
32493,Wellington Street,2020-08-22,79
32493,Wellington Street,2020-08-23,129
32493,Wellington Street,2020-08-24,214
32493,Wellington Street,2020-08-25,230
32493,Wellington Street,2020-08-26,251
32493,Wellington Street,2020-08-27,214
32493,Wellington Street,2020-08-28,353
32493,Wellington Street,2020-08-29,315
32493,Wellington Street,2020-08-30,192
32493,Wellington Street,2020-08-31,256
32493,Wellington Street,2020-09-01,262
32493,Wellington Street,2020-09-02,242
32493,Wellington Street,2020-09-03,256
32493,Wellington Street,2020-09-04,320
32493,Wellington Street,2020-09-05,349
32493,Wellington Street,2020-09-06,388
32493,Wellington Street,2020-09-07,293
32493,Wellington Street,2020-09-08,180
32493,Wellington Street,2020-09-09,304
32493,Wellington Street,2020-09-10,310
32493,Wellington Street,2020-09-11,295
32493,Wellington Street,2020-09-12,113
32493,Wellington Street,2020-09-13,387
32493,Wellington Street,2020-09-14,286
32493,Wellington Street,2020-09-15,330
32493,Wellington Street,2020-09-16,316
32493,Wellington Street,2020-09-17,237
32493,Wellington Street,2020-09-18,279
32493,Wellington Street,2020-09-19,390
32493,Wellington Street,2020-09-20,379
32493,Wellington Street,2020-09-21,267
32493,Wellington Street,2020-09-22,267
32493,Wellington Street,2020-09-23,248
32493,Wellington Street,2020-09-24,293
32493,Wellington Street,2020-09-25,152
32493,Wellington Street,2020-09-26,193
32493,Wellington Street,2020-09-27,320
32493,Wellington Street,2020-09-28,348
32493,Wellington Street,2020-09-29,314
32493,Wellington Street,2020-09-30,225
32493,Wellington Street,2020-10-01,357
32493,Wellington Street,2020-10-02,409
32493,Wellington Street,2020-10-03,410
32493,Wellington Street,2020-10-04,333
32493,Wellington Street,2020-10-05,145
32493,Wellington Street,2020-10-06,213
32493,Wellington Street,2020-10-07,202
32493,Wellington Street,2020-10-08,169
32493,Wellington Street,2020-10-09,296
32493,Wellington Street,2020-10-10,331
32493,Wellington Street,2020-10-11,419
32493,Wellington Street,2020-10-12,417
32493,Wellington Street,2020-10-13,278
32493,Wellington Street,2020-10-14,389
32493,Wellington Street,2020-10-15,227
32493,Wellington Street,2020-10-16,337
32493,Wellington Street,2020-10-17,59
32493,Wellington Street,2020-10-18,326
32493,Wellington Street,2020-10-19,348
32493,Wellington Street,2020-10-20,392
32493,Wellington Street,2020-10-21,406
32493,Wellington Street,2020-10-22,481
32493,Wellington Street,2020-10-23,425
32493,Wellington Street,2020-10-24,144
32493,Wellington Street,2020-10-25,399
32493,Wellington Street,2020-10-26,321
32493,Wellington Street,2020-10-27,341
32493,Wellington Street,2020-10-28,436
32493,Wellington Street,2020-10-29,433
32493,Wellington Street,2020-10-30,439
32493,Wellington Street,2020-10-31,428
32493,Wellington Street,2020-11-01,467
32493,Wellington Street,2020-11-02,605
32493,Wellington Street,2020-11-03,552
32493,Wellington Street,2020-11-04,358
32493,Wellington Street,2020-11-05,330
32493,Wellington Street,2020-11-06,419
32493,Wellington Street,2020-11-07,362
32493,Wellington Street,2020-11-08,590
32493,Wellington Street,2020-11-09,455
32493,Wellington Street,2020-11-10,499
32493,Wellington Street,2020-11-11,340
32493,Wellington Street,2020-11-12,500
32493,Wellington Street,2020-11-13,427
32493,Wellington Street,2020-11-14,371
32493,Wellington Street,2020-11-15,339
32493,Wellington Street,2020-11-16,465
32493,Wellington Street,2020-11-17,473
32493,Wellington Street,2020-11-18,459
32493,Wellington Street,2020-11-19,493
32493,Wellington Street,2020-11-20,451
32493,Wellington Street,2020-11-21,437
32493,Wellington Street,2020-11-22,240
32493,Wellington Street,2020-11-23,225
32493,Wellington Street,2020-11-24,511
32493,Wellington Street,2020-11-25,491
32493,Wellington Street,2020-11-26,523
32493,Wellington Street,2020-11-27,516
32493,Wellington Street,2020-11-28,386
32493,Wellington Street,2020-11-29,209
32493,Wellington Street,2020-11-30,570
32493,Wellington Street,2020-12-01,401
32493,Wellington Street,2020-12-02,489
32493,Wellington Street,2020-12-03,517
32493,Wellington Street,2020-12-04,555
32493,Wellington Street,2020-12-05,305
32493,Wellington Street,2020-12-06,303
32493,Wellington Street,2020-12-07,370
32493,Wellington Street,2020-12-08,486
32493,Wellington Street,2020-12-09,588
32493,Wellington Street,2020-12-10,554
32493,Wellington Street,2020-12-11,538
32493,Wellington Street,2020-12-12,387
32493,Wellington Street,2020-12-13,387
32493,Wellington Street,2020-12-14,363
32493,Wellington Street,2020-12-15,524
32493,Wellington Street,2020-12-16,554
32493,Wellington Street,2020-12-17,480
32493,Wellington Street,2020-12-18,392
32493,Wellington Street,2020-12-19,339
32493,Wellington Street,2020-12-20,403
32493,Wellington Street,2020-12-21,374
32493,Wellington Street,2020-12-22,214
32493,Wellington Street,2020-12-23,393
32493,Wellington Street,2020-12-24,321
32493,Wellington Street,2020-12-25,117
32493,Wellington Street,2020-12-26,288
32493,Wellington Street,2020-12-27,218
32493,Wellington Street,2020-12-28,273
32493,Wellington Street,2020-12-29,392
32493,Wellington Street,2020-12-30,412
32493,Wellington Street,2020-12-31,265
32493,Wellington Street,2021-01-01,198
32493,Wellington Street,2021-01-02,258
32493,Wellington Street,2021-01-03,189
32493,Wellington Street,2021-01-04,217
32493,Wellington Street,2021-01-05,252
32493,Wellington Street,2021-01-06,457
32493,Wellington Street,2021-01-07,582
32493,Wellington Street,2021-01-08,552
32493,Wellington Street,2021-01-09,382
32493,Wellington Street,2021-01-10,355
32493,Wellington Street,2021-01-11,390
32493,Wellington Street,2021-01-12,637
32493,Wellington Street,2021-01-13,601
32493,Wellington Street,2021-01-14,623
32493,Wellington Street,2021-01-15,390
32493,Wellington Street,2021-01-16,328
32493,Wellington Street,2021-01-17,425
32493,Wellington Street,2021-01-18,639
32493,Wellington Street,2021-01-19,665
32493,Wellington Street,2021-01-20,786
32493,Wellington Street,2021-01-21,741
32493,Wellington Street,2021-01-22,631
32493,Wellington Street,2021-01-23,443
32493,Wellington Street,2021-01-24,290
32493,Wellington Street,2021-01-25,306
32493,Wellington Street,2021-01-26,214
32493,Wellington Street,2021-01-27,824
32493,Wellington Street,2021-01-28,715
32493,Wellington Street,2021-01-29,238
32493,Wellington Street,2021-01-30,308
32493,Wellington Street,2021-01-31,515
32493,Wellington Street,2021-02-01,728
32493,Wellington Street,2021-02-02,709
32493,Wellington Street,2021-02-03,860
32493,Wellington Street,2021-02-04,770
32493,Wellington Street,2021-02-05,357
32493,Wellington Street,2021-02-06,443
32493,Wellington Street,2021-02-07,347
32493,Wellington Street,2021-02-08,787
32493,Wellington Street,2021-02-09,821
32493,Wellington Street,2021-02-10,803
32493,Wellington Street,2021-02-11,784
32493,Wellington Street,2021-02-12,649
32493,Wellington Street,2021-02-13,264
32493,Wellington Street,2021-02-14,306
32493,Wellington Street,2021-02-15,142
32493,Wellington Street,2021-02-16,147
32493,Wellington Street,2021-02-17,163
32493,Wellington Street,2021-02-18,240
32493,Wellington Street,2021-02-19,268
32493,Wellington Street,2021-02-20,194
32493,Wellington Street,2021-02-21,211
32493,Wellington Street,2021-02-22,775
32493,Wellington Street,2021-02-23,817
32493,Wellington Street,2021-02-24,801
32493,Wellington Street,2021-02-25,774
32493,Wellington Street,2021-02-26,690
32493,Wellington Street,2021-02-27,452
32493,Wellington Street,2021-02-28,567
32493,Wellington Street,2021-03-01,781
32493,Wellington Street,2021-03-02,715
32493,Wellington Street,2021-03-03,841
32493,Wellington Street,2021-03-04,695
32493,Wellington Street,2021-03-05,686
32493,Wellington Street,2021-03-06,482
32493,Wellington Street,2021-03-07,436
32493,Wellington Street,2021-03-08,272
32493,Wellington Street,2021-03-09,786
32493,Wellington Street,2021-03-10,930
32493,Wellington Street,2021-03-11,917
32493,Wellington Street,2021-03-12,852
32493,Wellington Street,2021-03-13,304
32493,Wellington Street,2021-03-14,437
32493,Wellington Street,2021-03-15,844
32493,Wellington Street,2021-03-16,868
32493,Wellington Street,2021-03-17,893
32493,Wellington Street,2021-03-18,990
32493,Wellington Street,2021-03-19,805
32493,Wellington Street,2021-03-20,486
32493,Wellington Street,2021-03-21,114
32493,Wellington Street,2021-03-22,624
32493,Wellington Street,2021-03-23,629
32493,Wellington Street,2021-03-24,595
32493,Wellington Street,2021-03-25,645
32493,Wellington Street,2021-03-26,681
32493,Wellington Street,2021-03-27,202
32493,Wellington Street,2021-03-28,475
32493,Wellington Street,2021-03-29,487
32493,Wellington Street,2021-03-30,662
32493,Wellington Street,2021-03-31,645
32493,Wellington Street,2021-04-01,580
32493,Wellington Street,2021-04-02,326
32493,Wellington Street,2021-04-03,292
32493,Wellington Street,2021-04-04,257
32493,Wellington Street,2021-04-05,383
32493,Wellington Street,2021-04-06,791
32493,Wellington Street,2021-04-07,682
32493,Wellington Street,2021-04-08,788
32493,Wellington Street,2021-04-09,632
32493,Wellington Street,2021-04-10,225
32493,Wellington Street,2021-04-11,161
32493,Wellington Street,2021-04-12,401
32493,Wellington Street,2021-04-13,670
32493,Wellington Street,2021-04-14,557
32493,Wellington Street,2021-04-15,636
32493,Wellington Street,2021-04-16,584
32493,Wellington Street,2021-04-17,466
32493,Wellington Street,2021-04-18,463
32493,Wellington Street,2021-04-19,724
32493,Wellington Street,2021-04-20,631
32493,Wellington Street,2021-04-21,714
32493,Wellington Street,2021-04-22,877
32493,Wellington Street,2021-04-23,672
32493,Wellington Street,2021-04-24,385
32493,Wellington Street,2021-04-25,415
32493,Wellington Street,2021-04-26,870
32493,Wellington Street,2021-04-27,948
32493,Wellington Street,2021-04-28,1031
32493,Wellington Street,2021-04-29,802
32493,Wellington Street,2021-04-30,827
32493,Wellington Street,2021-05-01,435
32493,Wellington Street,2021-05-02,463
32493,Wellington Street,2021-05-03,520
32493,Wellington Street,2021-05-04,679
32493,Wellington Street,2021-05-05,692
32493,Wellington Street,2021-05-06,984
32493,Wellington Street,2021-05-07,859
32493,Wellington Street,2021-05-08,359
32493,Wellington Street,2021-05-09,333
32493,Wellington Street,2021-05-10,701
32493,Wellington Street,2021-05-11,509
32493,Wellington Street,2021-05-12,785
32493,Wellington Street,2021-05-13,478
32493,Wellington Street,2021-05-14,463
32493,Wellington Street,2021-05-15,186
32493,Wellington Street,2021-05-16,391
32493,Wellington Street,2021-05-17,101
32493,Wellington Street,2021-05-18,872
32493,Wellington Street,2021-05-19,1041
32493,Wellington Street,2021-05-20,695
32493,Wellington Street,2021-05-21,586
32493,Wellington Street,2021-05-22,420
32493,Wellington Street,2021-05-23,480
32493,Wellington Street,2021-05-24,1192
32493,Wellington Street,2021-05-25,1121
32493,Wellington Street,2021-05-26,910
32493,Wellington Street,2021-05-27,658
32493,Wellington Street,2021-05-28,406
32493,Wellington Street,2021-05-29,347
32493,Wellington Street,2021-05-30,492
32493,Wellington Street,2021-05-31,239
32493,Wellington Street,2021-06-01,247
32493,Wellington Street,2021-06-02,277
32493,Wellington Street,2021-06-03,268
32493,Wellington Street,2021-06-04,207
32493,Wellington Street,2021-06-05,224
32493,Wellington Street,2021-06-06,331
32493,Wellington Street,2021-06-07,266
32493,Wellington Street,2021-06-08,101
32493,Wellington Street,2021-06-09,108
32493,Wellington Street,2021-06-10,134
32493,Wellington Street,2021-06-11,412
32493,Wellington Street,2021-06-12,363
32493,Wellington Street,2021-06-13,474
32493,Wellington Street,2021-06-14,448
32493,Wellington Street,2021-06-15,450
32493,Wellington Street,2021-06-16,278
32493,Wellington Street,2021-06-17,441
32493,Wellington Street,2021-06-18,310
32493,Wellington Street,2021-06-19,324
32493,Wellington Street,2021-06-20,404
32493,Wellington Street,2021-06-21,813
32493,Wellington Street,2021-06-22,964
32493,Wellington Street,2021-06-23,753
32493,Wellington Street,2021-06-24,754
32493,Wellington Street,2021-06-25,428
32493,Wellington Street,2021-06-26,431
32493,Wellington Street,2021-06-27,543
32493,Wellington Street,2021-06-28,546
32493,Wellington Street,2021-06-29,633
32493,Wellington Street,2021-06-30,622
32493,Wellington Street,2021-07-01,618
32493,Wellington Street,2021-07-02,386
32493,Wellington Street,2021-07-03,205
32493,Wellington Street,2021-07-04,220
32493,Wellington Street,2021-07-05,451
32493,Wellington Street,2021-07-06,591
32493,Wellington Street,2021-07-07,588
32493,Wellington Street,2021-07-08,543
32493,Wellington Street,2021-07-09,532
32493,Wellington Street,2021-07-10,367
32493,Wellington Street,2021-07-11,351
32493,Wellington Street,2021-07-12,713
32493,Wellington Street,2021-07-13,702
32493,Wellington Street,2021-07-14,440
32493,Wellington Street,2021-07-15,641
32493,Wellington Street,2021-07-16,172
32493,Wellington Street,2021-07-17,110
32493,Wellington Street,2021-07-18,272
32493,Wellington Street,2021-07-19,214
32493,Wellington Street,2021-07-20,136
32493,Wellington Street,2021-07-21,195
32493,Wellington Street,2021-07-22,255
32493,Wellington Street,2021-07-23,233
32493,Wellington Street,2021-07-24,218
32493,Wellington Street,2021-07-25,215
32493,Wellington Street,2021-07-26,257
32493,Wellington Street,2021-07-27,291
32493,Wellington Street,2021-07-28,307
32493,Wellington Street,2021-07-29,521
32493,Wellington Street,2021-07-30,440
32493,Wellington Street,2021-07-31,261
32493,Wellington Street,2021-08-01,394
32493,Wellington Street,2021-08-02,478
32493,Wellington Street,2021-08-03,402
32493,Wellington Street,2021-08-04,378
32493,Wellington Street,2021-08-05,485
32493,Wellington Street,2021-08-06,198
32493,Wellington Street,2021-08-07,56
32493,Wellington Street,2021-08-08,366
32493,Wellington Street,2021-08-09,288
32493,Wellington Street,2021-08-10,336
32493,Wellington Street,2021-08-11,168
32493,Wellington Street,2021-08-12,337
32493,Wellington Street,2021-08-13,338
32493,Wellington Street,2021-08-14,439
32493,Wellington Street,2021-08-15,482
32493,Wellington Street,2021-08-16,203
32493,Wellington Street,2021-08-17,242
32493,Wellington Street,2021-08-18,308
32493,Wellington Street,2021-08-19,344
32493,Wellington Street,2021-08-20,231
32493,Wellington Street,2021-08-21,402
32493,Wellington Street,2021-08-22,449
32493,Wellington Street,2021-08-23,137
32493,Wellington Street,2021-08-24,267
32493,Wellington Street,2021-08-25,219
32493,Wellington Street,2021-08-26,262
32493,Wellington Street,2021-08-27,267
32493,Wellington Street,2021-08-28,438
32493,Wellington Street,2021-08-29,127
32493,Wellington Street,2021-08-30,85
32493,Wellington Street,2021-08-31,94
32493,Wellington Street,2021-09-01,110
32493,Wellington Street,2021-09-02,88
32493,Wellington Street,2021-09-03,20
32493,Wellington Street,2021-09-04,48
32493,Wellington Street,2021-09-05,78
32493,Wellington Street,2021-09-06,93
32493,Wellington Street,2021-09-07,316
32493,Wellington Street,2021-09-08,394
32493,Wellington Street,2021-09-09,319
32493,Wellington Street,2021-09-10,331
32493,Wellington Street,2021-09-11,331
32493,Wellington Street,2021-09-12,312
32493,Wellington Street,2021-09-13,332
32493,Wellington Street,2021-09-14,311
32493,Wellington Street,2021-09-15,345
32493,Wellington Street,2021-09-16,354
32493,Wellington Street,2021-09-17,272
32493,Wellington Street,2021-09-18,369
32493,Wellington Street,2021-09-19,420
32493,Wellington Street,2021-09-20,183
32493,Wellington Street,2021-09-21,203
32493,Wellington Street,2021-09-22,396
32493,Wellington Street,2021-09-23,523
32493,Wellington Street,2021-09-24,361
32493,Wellington Street,2021-09-25,416
32493,Wellington Street,2021-09-26,631
32493,Wellington Street,2021-09-27,405
32493,Wellington Street,2021-09-28,467
32493,Wellington Street,2021-09-29,222
32493,Wellington Street,2021-09-30,175
32493,Wellington Street,2021-10-01,321
32493,Wellington Street,2021-10-02,484
32493,Wellington Street,2021-10-03,638
32493,Wellington Street,2021-10-04,259
32493,Wellington Street,2021-10-05,267
32493,Wellington Street,2021-10-06,500
32493,Wellington Street,2021-10-07,365
32493,Wellington Street,2021-10-08,448
32493,Wellington Street,2021-10-09,555
32493,Wellington Street,2021-10-10,464
32493,Wellington Street,2021-10-11,132
32493,Wellington Street,2021-10-12,128
32493,Wellington Street,2021-10-13,89
32493,Wellington Street,2021-10-14,81
32493,Wellington Street,2021-10-15,33
32493,Wellington Street,2021-10-16,56
32493,Wellington Street,2021-10-17,179
32493,Wellington Street,2021-10-18,263
32493,Wellington Street,2021-10-19,305
32493,Wellington Street,2021-10-20,530
32493,Wellington Street,2021-10-21,431
32493,Wellington Street,2021-10-22,384
32493,Wellington Street,2021-10-23,25
32493,Wellington Street,2021-10-24,297
32493,Wellington Street,2021-10-25,307
32493,Wellington Street,2021-10-26,461
32493,Wellington Street,2021-10-27,532
32493,Wellington Street,2021-10-28,273
32493,Wellington Street,2021-10-29,164
32493,Wellington Street,2021-10-30,347
32493,Wellington Street,2021-10-31,480
32493,Wellington Street,2021-11-01,430
32493,Wellington Street,2021-11-02,463
32493,Wellington Street,2021-11-03,252
32493,Wellington Street,2021-11-04,526
32493,Wellington Street,2021-11-05,532
32493,Wellington Street,2021-11-06,319
32493,Wellington Street,2021-11-07,303
32493,Wellington Street,2021-11-08,542
32493,Wellington Street,2021-11-09,712
32493,Wellington Street,2021-11-10,238
32493,Wellington Street,2021-11-11,620
32493,Wellington Street,2021-11-12,222
32493,Wellington Street,2021-11-13,140
32493,Wellington Street,2021-11-14,188
32493,Wellington Street,2021-11-15,392
32493,Wellington Street,2021-11-16,289
32493,Wellington Street,2021-11-17,600
32493,Wellington Street,2021-11-18,322
32493,Wellington Street,2021-11-19,555
32493,Wellington Street,2021-11-20,412
32493,Wellington Street,2021-11-21,419
32493,Wellington Street,2021-11-22,634
32493,Wellington Street,2021-11-23,717
32493,Wellington Street,2021-11-24,442
32493,Wellington Street,2021-11-25,487
32493,Wellington Street,2021-11-26,364
32493,Wellington Street,2021-11-27,418
32493,Wellington Street,2021-11-28,487
32493,Wellington Street,2021-11-29,653
32493,Wellington Street,2021-11-30,820
32493,Wellington Street,2021-12-01,588
32493,Wellington Street,2021-12-02,525
32493,Wellington Street,2021-12-03,612
32493,Wellington Street,2021-12-04,375
32493,Wellington Street,2021-12-05,459
32493,Wellington Street,2021-12-06,818
32493,Wellington Street,2021-12-07,455
32493,Wellington Street,2021-12-08,393
32493,Wellington Street,2021-12-09,531
32493,Wellington Street,2021-12-10,503
32493,Wellington Street,2021-12-11,243
32493,Wellington Street,2021-12-12,625
32493,Wellington Street,2021-12-13,698
32493,Wellington Street,2021-12-14,714
32493,Wellington Street,2021-12-15,410
32493,Wellington Street,2021-12-16,699
32493,Wellington Street,2021-12-17,651
32493,Wellington Street,2021-12-18,335
32493,Wellington Street,2021-12-19,208
32493,Wellington Street,2021-12-20,559
32493,Wellington Street,2021-12-21,637
32493,Wellington Street,2021-12-22,580
32493,Wellington Street,2021-12-23,508
32493,Wellington Street,2021-12-24,424
32493,Wellington Street,2021-12-25,178
32493,Wellington Street,2021-12-26,247
32493,Wellington Street,2021-12-27,365
32493,Wellington Street,2021-12-28,372
32493,Wellington Street,2021-12-29,436
32493,Wellington Street,2021-12-30,332
32493,Wellington Street,2021-12-31,266
32493,Wellington Street,2022-01-01,120
32493,Wellington Street,2022-01-02,275
32493,Wellington Street,2022-01-03,413
32493,Wellington Street,2022-01-04,353
32493,Wellington Street,2022-01-05,268
32493,Wellington Street,2022-01-06,268
32493,Wellington Street,2022-01-07,230
32493,Wellington Street,2022-01-08,211
32493,Wellington Street,2022-01-09,408
32493,Wellington Street,2022-01-10,366
32493,Wellington Street,2022-01-11,296
32493,Wellington Street,2022-01-12,308
32493,Wellington Street,2022-01-13,314
32493,Wellington Street,2022-01-14,297
32493,Wellington Street,2022-01-15,314
32493,Wellington Street,2022-01-16,413
32493,Wellington Street,2022-01-17,455
32493,Wellington Street,2022-01-18,484
32493,Wellington Street,2022-01-19,461
32493,Wellington Street,2022-01-20,528
32493,Wellington Street,2022-01-21,445
32493,Wellington Street,2022-01-22,428
32493,Wellington Street,2022-01-23,373
32493,Wellington Street,2022-01-24,445
32493,Wellington Street,2022-01-25,447
32493,Wellington Street,2022-01-26,364
32493,Wellington Street,2022-01-27,297
32493,Wellington Street,2022-01-28,272
32493,Wellington Street,2022-01-29,331
32493,Wellington Street,2022-01-30,430
32493,Wellington Street,2022-01-31,378
32493,Wellington Street,2022-02-01,420
32493,Wellington Street,2022-02-02,481
32493,Wellington Street,2022-02-03,465
32493,Wellington Street,2022-02-04,534
32493,Wellington Street,2022-02-05,429
32493,Wellington Street,2022-02-06,511
32493,Wellington Street,2022-02-07,548
32493,Wellington Street,2022-02-08,621
32493,Wellington Street,2022-02-09,627
32493,Wellington Street,2022-02-10,548
32493,Wellington Street,2022-02-11,581
32493,Wellington Street,2022-02-12,519
32493,Wellington Street,2022-02-13,507
32493,Wellington Street,2022-02-14,545
32493,Wellington Street,2022-02-15,651
32493,Wellington Street,2022-02-16,639
32493,Wellington Street,2022-02-17,608
32493,Wellington Street,2022-02-18,554
32493,Wellington Street,2022-02-19,487
32493,Wellington Street,2022-02-20,494
32493,Wellington Street,2022-02-21,535
32493,Wellington Street,2022-02-22,631
32493,Wellington Street,2022-02-23,601
32493,Wellington Street,2022-02-24,591
32493,Wellington Street,2022-02-25,585
32493,Wellington Street,2022-02-26,460
32493,Wellington Street,2022-02-27,437
32493,Wellington Street,2022-02-28,623
32493,Wellington Street,2022-03-01,598
32493,Wellington Street,2022-03-02,605
32493,Wellington Street,2022-03-03,774
32493,Wellington Street,2022-03-04,572
32493,Wellington Street,2022-03-05,209
32493,Wellington Street,2022-03-06,321
32493,Wellington Street,2022-03-07,597
32493,Wellington Street,2022-03-08,693
32493,Wellington Street,2022-03-09,695
32493,Wellington Street,2022-03-10,686
32493,Wellington Street,2022-03-11,553
32493,Wellington Street,2022-03-12,363
32493,Wellington Street,2022-03-13,359
32493,Wellington Street,2022-03-14,348
32493,Wellington Street,2022-03-15,632
32493,Wellington Street,2022-03-16,758
32493,Wellington Street,2022-03-17,732
32493,Wellington Street,2022-03-18,577
32493,Wellington Street,2022-03-19,533
32493,Wellington Street,2022-03-20,546
32493,Wellington Street,2022-03-21,634
32493,Wellington Street,2022-03-22,594
32493,Wellington Street,2022-03-23,639
32493,Wellington Street,2022-03-24,691
32493,Wellington Street,2022-03-25,523
32493,Wellington Street,2022-03-26,573
32493,Wellington Street,2022-03-27,494
32493,Wellington Street,2022-03-28,618
32493,Wellington Street,2022-03-29,689
32493,Wellington Street,2022-03-30,632
32493,Wellington Street,2022-03-31,649
32493,Wellington Street,2022-04-01,580
32493,Wellington Street,2022-04-02,365
32493,Wellington Street,2022-04-03,391
32493,Wellington Street,2022-04-04,562
32493,Wellington Street,2022-04-05,684
32493,Wellington Street,2022-04-06,691
32493,Wellington Street,2022-04-07,700
32493,Wellington Street,2022-04-08,616
32493,Wellington Street,2022-04-09,497
32493,Wellington Street,2022-04-10,494
32493,Wellington Street,2022-04-11,404
32493,Wellington Street,2022-04-12,609
32493,Wellington Street,2022-04-13,510
32493,Wellington Street,2022-04-14,557
32493,Wellington Street,2022-04-15,399
32493,Wellington Street,2022-04-16,430
32493,Wellington Street,2022-04-17,318
32493,Wellington Street,2022-04-18,122
32493,Wellington Street,2022-04-19,231
32493,Wellington Street,2022-04-20,214
32493,Wellington Street,2022-04-21,246
32493,Wellington Street,2022-04-22,266
32493,Wellington Street,2022-04-23,405
32493,Wellington Street,2022-04-24,484
32493,Wellington Street,2022-04-25,413
32493,Wellington Street,2022-04-26,791
32493,Wellington Street,2022-04-27,655
32493,Wellington Street,2022-04-28,708
32493,Wellington Street,2022-04-29,495
32493,Wellington Street,2022-04-30,354
32493,Wellington Street,2022-05-01,403
32493,Wellington Street,2022-05-02,713
32493,Wellington Street,2022-05-03,772
32493,Wellington Street,2022-05-04,586
32493,Wellington Street,2022-05-05,551
32493,Wellington Street,2022-05-06,465
32493,Wellington Street,2022-05-07,346
32493,Wellington Street,2022-05-08,350
32493,Wellington Street,2022-05-09,751
32493,Wellington Street,2022-05-10,664
32493,Wellington Street,2022-05-11,647
32493,Wellington Street,2022-05-12,552
32493,Wellington Street,2022-05-13,500
32493,Wellington Street,2022-05-14,295
32493,Wellington Street,2022-05-15,428
32493,Wellington Street,2022-05-16,596
32493,Wellington Street,2022-05-17,648
32493,Wellington Street,2022-05-18,623
32493,Wellington Street,2022-05-19,665
32493,Wellington Street,2022-05-20,559
32493,Wellington Street,2022-05-21,444
32493,Wellington Street,2022-05-22,344
32493,Wellington Street,2022-05-23,715
32493,Wellington Street,2022-05-24,456
32493,Wellington Street,2022-05-25,662
32493,Wellington Street,2022-05-26,551
32493,Wellington Street,2022-05-27,541
32493,Wellington Street,2022-05-28,518
32493,Wellington Street,2022-05-29,550
32493,Wellington Street,2022-05-30,532
32493,Wellington Street,2022-05-31,621
32493,Wellington Street,2022-06-01,339
32493,Wellington Street,2022-06-02,839
32493,Wellington Street,2022-06-03,678
32493,Wellington Street,2022-06-04,418
32493,Wellington Street,2022-06-05,225
32493,Wellington Street,2022-06-06,619
32493,Wellington Street,2022-06-07,448
32493,Wellington Street,2022-06-08,699
32493,Wellington Street,2022-06-09,733
32493,Wellington Street,2022-06-10,599
32493,Wellington Street,2022-06-11,303
32493,Wellington Street,2022-06-12,241
32493,Wellington Street,2022-06-13,342
32493,Wellington Street,2022-06-14,798
32493,Wellington Street,2022-06-15,598
32493,Wellington Street,2022-06-16,668
32493,Wellington Street,2022-06-17,566
32493,Wellington Street,2022-06-18,455
32493,Wellington Street,2022-06-19,437
32493,Wellington Street,2022-06-20,739
32493,Wellington Street,2022-06-21,742
32493,Wellington Street,2022-06-22,728
32493,Wellington Street,2022-06-23,831
32493,Wellington Street,2022-06-24,517
32493,Wellington Street,2022-06-25,521
32493,Wellington Street,2022-06-26,235
32493,Wellington Street,2022-06-27,376
32493,Wellington Street,2022-06-28,747
32493,Wellington Street,2022-06-29,767
32493,Wellington Street,2022-06-30,726
32493,Wellington Street,2022-07-01,537
32493,Wellington Street,2022-07-02,414
32493,Wellington Street,2022-07-03,407
32493,Wellington Street,2022-07-04,620
32493,Wellington Street,2022-07-05,808
32493,Wellington Street,2022-07-06,699
32493,Wellington Street,2022-07-07,696
32493,Wellington Street,2022-07-08,317
32493,Wellington Street,2022-07-09,300
32493,Wellington Street,2022-07-10,465
32493,Wellington Street,2022-07-11,716
32493,Wellington Street,2022-07-12,497
32493,Wellington Street,2022-07-13,577
32493,Wellington Street,2022-07-14,784
32493,Wellington Street,2022-07-15,675
32493,Wellington Street,2022-07-16,404
32493,Wellington Street,2022-07-17,240
32493,Wellington Street,2022-07-18,626
32493,Wellington Street,2022-07-19,806
32493,Wellington Street,2022-07-20,711
32493,Wellington Street,2022-07-21,689
32493,Wellington Street,2022-07-22,677
32493,Wellington Street,2022-07-23,90
32493,Wellington Street,2022-07-24,191
32493,Wellington Street,2022-07-25,584
32493,Wellington Street,2022-07-26,733
32493,Wellington Street,2022-07-27,631
32493,Wellington Street,2022-07-28,543
32493,Wellington Street,2022-07-29,479
32493,Wellington Street,2022-07-30,558
32493,Wellington Street,2022-07-31,370
32493,Wellington Street,2022-08-01,681
32493,Wellington Street,2022-08-02,817
32493,Wellington Street,2022-08-03,718
32493,Wellington Street,2022-08-04,888
32493,Wellington Street,2022-08-05,537
32493,Wellington Street,2022-08-06,384
32493,Wellington Street,2022-08-07,439
32493,Wellington Street,2022-08-08,729
32493,Wellington Street,2022-08-09,856
32493,Wellington Street,2022-08-10,814
32493,Wellington Street,2022-08-11,784
32493,Wellington Street,2022-08-12,525
32493,Wellington Street,2022-08-13,432
32493,Wellington Street,2022-08-14,413
32493,Wellington Street,2022-08-15,676
32493,Wellington Street,2022-08-16,527
32493,Wellington Street,2022-08-17,556
32493,Wellington Street,2022-08-18,424
32493,Wellington Street,2022-08-19,535
32493,Wellington Street,2022-08-20,322
32493,Wellington Street,2022-08-21,611
32493,Wellington Street,2022-08-22,540
32493,Wellington Street,2022-08-23,701
32493,Wellington Street,2022-08-24,712
32493,Wellington Street,2022-08-25,585
32493,Wellington Street,2022-08-26,605
32493,Wellington Street,2022-08-27,443
32493,Wellington Street,2022-08-28,546
32493,Wellington Street,2022-08-29,573
32493,Wellington Street,2022-08-30,723
32493,Wellington Street,2022-08-31,947
32493,Wellington Street,2022-09-01,946
32493,Wellington Street,2022-09-02,745
32493,Wellington Street,2022-09-03,592
32493,Wellington Street,2022-09-04,422
32493,Wellington Street,2022-09-05,816
32493,Wellington Street,2022-09-06,823
32493,Wellington Street,2022-09-07,940
32493,Wellington Street,2022-09-08,676
32493,Wellington Street,2022-09-09,834
32493,Wellington Street,2022-09-10,428
32493,Wellington Street,2022-09-11,467
32493,Wellington Street,2022-09-12,747
32493,Wellington Street,2022-09-13,976
32493,Wellington Street,2022-09-14,987
32493,Wellington Street,2022-09-15,901
32493,Wellington Street,2022-09-16,670
32493,Wellington Street,2022-09-17,306
32493,Wellington Street,2022-09-18,311
32493,Wellington Street,2022-09-19,753
32493,Wellington Street,2022-09-20,1018
32493,Wellington Street,2022-09-21,973
32493,Wellington Street,2022-09-22,737
32493,Wellington Street,2022-09-23,378
32493,Wellington Street,2022-09-24,495
32493,Wellington Street,2022-09-25,489
32493,Wellington Street,2022-09-26,628
32493,Wellington Street,2022-09-27,704
32493,Wellington Street,2022-09-28,763
32493,Wellington Street,2022-09-29,1030
32493,Wellington Street,2022-09-30,900
32493,Wellington Street,2022-10-01,643
32493,Wellington Street,2022-10-02,796
32493,Wellington Street,2022-10-03,952
32493,Wellington Street,2022-10-04,1105
32493,Wellington Street,2022-10-05,690
32493,Wellington Street,2022-10-06,761
32493,Wellington Street,2022-10-07,541
32493,Wellington Street,2022-10-08,556
32493,Wellington Street,2022-10-09,527
32493,Wellington Street,2022-10-10,944
32493,Wellington Street,2022-10-11,1183
32493,Wellington Street,2022-10-12,469
32493,Wellington Street,2022-10-13,247
32493,Wellington Street,2022-10-14,587
32493,Wellington Street,2022-10-15,577
32493,Wellington Street,2022-10-16,433
32493,Wellington Street,2022-10-17,982
32493,Wellington Street,2022-10-18,1225
32493,Wellington Street,2022-10-19,1342
32493,Wellington Street,2022-10-20,1139
32493,Wellington Street,2022-10-21,688
32493,Wellington Street,2022-10-22,295
32493,Wellington Street,2022-10-23,496
32493,Wellington Street,2022-10-24,757
32493,Wellington Street,2022-10-25,929
32493,Wellington Street,2022-10-26,855
32493,Wellington Street,2022-10-27,676
32493,Wellington Street,2022-10-28,469
32493,Wellington Street,2022-10-29,394
32493,Wellington Street,2022-10-30,511
32493,Wellington Street,2022-10-31,481
32493,Wellington Street,2022-11-01,248
32493,Wellington Street,2022-11-02,917
32493,Wellington Street,2022-11-03,984
32493,Wellington Street,2022-11-04,861
32493,Wellington Street,2022-11-05,648
32493,Wellington Street,2022-11-06,591
32493,Wellington Street,2022-11-07,1034
32493,Wellington Street,2022-11-08,1185
32493,Wellington Street,2022-11-09,1249
32493,Wellington Street,2022-11-10,1056
32493,Wellington Street,2022-11-11,697
32493,Wellington Street,2022-11-12,607
32493,Wellington Street,2022-11-13,456
32493,Wellington Street,2022-11-14,505
32493,Wellington Street,2022-11-15,728
32493,Wellington Street,2022-11-16,888
32493,Wellington Street,2022-11-17,1001
32493,Wellington Street,2022-11-18,880
32493,Wellington Street,2022-11-19,442
32493,Wellington Street,2022-11-20,332
32493,Wellington Street,2022-11-21,686
32493,Wellington Street,2022-11-22,1029
32493,Wellington Street,2022-11-23,1018
32493,Wellington Street,2022-11-24,1122
32493,Wellington Street,2022-11-25,860
32493,Wellington Street,2022-11-26,630
32493,Wellington Street,2022-11-27,460
32493,Wellington Street,2022-11-28,950
32493,Wellington Street,2022-11-29,1200
32493,Wellington Street,2022-11-30,1185
32493,Wellington Street,2022-12-01,1127
32493,Wellington Street,2022-12-02,998
32493,Wellington Street,2022-12-03,687
32493,Wellington Street,2022-12-04,521
32493,Wellington Street,2022-12-05,838
32493,Wellington Street,2022-12-06,1149
32493,Wellington Street,2022-12-07,1247
32493,Wellington Street,2022-12-08,907
32493,Wellington Street,2022-12-09,860
32493,Wellington Street,2022-12-10,636
32493,Wellington Street,2022-12-11,398
32493,Wellington Street,2022-12-12,503
32493,Wellington Street,2022-12-13,949
32493,Wellington Street,2022-12-14,680
32493,Wellington Street,2022-12-15,866
32493,Wellington Street,2022-12-16,863
32493,Wellington Street,2022-12-17,675
32493,Wellington Street,2022-12-18,638
32493,Wellington Street,2022-12-19,890
32493,Wellington Street,2022-12-20,975
32493,Wellington Street,2022-12-21,982
32493,Wellington Street,2022-12-22,459
32493,Wellington Street,2022-12-23,645
32493,Wellington Street,2022-12-24,467
32493,Wellington Street,2022-12-25,204
40004,Heidelberg Road,2021-01-09,227
40004,Heidelberg Road,2021-01-10,768
40004,Heidelberg Road,2021-01-11,473
40004,Heidelberg Road,2021-01-12,880
40004,Heidelberg Road,2021-01-13,759
40004,Heidelberg Road,2021-01-14,888
40004,Heidelberg Road,2021-01-15,591
40004,Heidelberg Road,2021-01-16,652
40004,Heidelberg Road,2021-01-17,978
40004,Heidelberg Road,2021-01-18,727
40004,Heidelberg Road,2021-01-19,915
40004,Heidelberg Road,2021-01-20,1027
40004,Heidelberg Road,2021-01-21,868
40004,Heidelberg Road,2021-01-22,835
40004,Heidelberg Road,2021-01-23,788
40004,Heidelberg Road,2021-01-24,602
40004,Heidelberg Road,2021-01-25,399
40004,Heidelberg Road,2021-01-26,339
40004,Heidelberg Road,2021-01-27,1002
40004,Heidelberg Road,2021-01-28,1049
40004,Heidelberg Road,2021-01-29,234
40004,Heidelberg Road,2021-01-30,908
40004,Heidelberg Road,2021-01-31,1214
40004,Heidelberg Road,2021-02-01,888
40004,Heidelberg Road,2021-02-02,959
40004,Heidelberg Road,2021-02-03,1148
40004,Heidelberg Road,2021-02-04,1127
40004,Heidelberg Road,2021-02-05,424
40004,Heidelberg Road,2021-02-06,969
40004,Heidelberg Road,2021-02-07,743
40004,Heidelberg Road,2021-02-08,919
40004,Heidelberg Road,2021-02-09,1172
40004,Heidelberg Road,2021-02-10,1053
40004,Heidelberg Road,2021-02-11,958
40004,Heidelberg Road,2021-02-12,815
40004,Heidelberg Road,2021-02-13,731
40004,Heidelberg Road,2021-02-14,1071
40004,Heidelberg Road,2021-02-15,726
40004,Heidelberg Road,2021-02-16,821
40004,Heidelberg Road,2021-02-17,802
40004,Heidelberg Road,2021-02-18,1032
40004,Heidelberg Road,2021-02-19,848
40004,Heidelberg Road,2021-02-20,835
40004,Heidelberg Road,2021-02-21,1025
40004,Heidelberg Road,2021-02-22,839
40004,Heidelberg Road,2021-02-23,998
40004,Heidelberg Road,2021-02-24,1075
40004,Heidelberg Road,2021-02-25,1052
40004,Heidelberg Road,2021-02-26,929
40004,Heidelberg Road,2021-02-27,941
40004,Heidelberg Road,2021-02-28,1071
40004,Heidelberg Road,2021-03-01,932
40004,Heidelberg Road,2021-03-02,1097
40004,Heidelberg Road,2021-03-03,1034
40004,Heidelberg Road,2021-03-04,1062
40004,Heidelberg Road,2021-03-05,763
40004,Heidelberg Road,2021-03-06,816
40004,Heidelberg Road,2021-03-07,786
40004,Heidelberg Road,2021-03-08,435
40004,Heidelberg Road,2021-03-09,829
40004,Heidelberg Road,2021-03-10,1105
40004,Heidelberg Road,2021-03-11,1168
40004,Heidelberg Road,2021-03-12,1031
40004,Heidelberg Road,2021-03-13,611
40004,Heidelberg Road,2021-03-14,722
40004,Heidelberg Road,2021-03-15,1018
40004,Heidelberg Road,2021-03-16,1277
40004,Heidelberg Road,2021-03-17,1138
40004,Heidelberg Road,2021-03-18,1144
40004,Heidelberg Road,2021-03-19,961
40004,Heidelberg Road,2021-03-20,886
40004,Heidelberg Road,2021-03-21,191
40004,Heidelberg Road,2021-03-22,668
40004,Heidelberg Road,2021-03-23,651
40004,Heidelberg Road,2021-03-24,685
40004,Heidelberg Road,2021-03-25,841
40004,Heidelberg Road,2021-03-26,933
40004,Heidelberg Road,2021-03-27,408
40004,Heidelberg Road,2021-03-28,871
40004,Heidelberg Road,2021-03-29,694
40004,Heidelberg Road,2021-03-30,1138
40004,Heidelberg Road,2021-03-31,1134
40004,Heidelberg Road,2021-04-01,1019
40004,Heidelberg Road,2021-04-02,773
40004,Heidelberg Road,2021-04-03,561
40004,Heidelberg Road,2021-04-04,533
40004,Heidelberg Road,2021-04-05,667
40004,Heidelberg Road,2021-04-06,872
40004,Heidelberg Road,2021-04-07,971
40004,Heidelberg Road,2021-04-08,1007
40004,Heidelberg Road,2021-04-09,658
40004,Heidelberg Road,2021-04-10,675
40004,Heidelberg Road,2021-04-11,175
40004,Heidelberg Road,2021-04-12,487
40004,Heidelberg Road,2021-04-13,1003
40004,Heidelberg Road,2021-04-14,862
40004,Heidelberg Road,2021-04-15,813
40004,Heidelberg Road,2021-04-16,704
40004,Heidelberg Road,2021-04-17,826
40004,Heidelberg Road,2021-04-18,782
40004,Heidelberg Road,2021-04-19,938
40004,Heidelberg Road,2021-04-20,711
40004,Heidelberg Road,2021-04-21,849
40004,Heidelberg Road,2021-04-22,938
40004,Heidelberg Road,2021-04-23,796
40004,Heidelberg Road,2021-04-24,682
40004,Heidelberg Road,2021-04-25,671
40004,Heidelberg Road,2021-04-26,824
40004,Heidelberg Road,2021-04-27,1017
40004,Heidelberg Road,2021-04-28,1097
40004,Heidelberg Road,2021-04-29,1061
40004,Heidelberg Road,2021-04-30,941
40004,Heidelberg Road,2021-05-01,879
40004,Heidelberg Road,2021-05-02,750
40004,Heidelberg Road,2021-05-03,611
40004,Heidelberg Road,2021-05-04,552
40004,Heidelberg Road,2021-05-05,1106
40004,Heidelberg Road,2021-05-06,1068
40004,Heidelberg Road,2021-05-07,919
40004,Heidelberg Road,2021-05-08,769
40004,Heidelberg Road,2021-05-09,593
40004,Heidelberg Road,2021-05-10,631
40004,Heidelberg Road,2021-05-11,452
40004,Heidelberg Road,2021-05-12,1205
40004,Heidelberg Road,2021-05-13,790
40004,Heidelberg Road,2021-05-14,654
40004,Heidelberg Road,2021-05-15,239
40004,Heidelberg Road,2021-05-16,667
40004,Heidelberg Road,2021-05-17,725
40004,Heidelberg Road,2021-05-18,1113
40004,Heidelberg Road,2021-05-19,1069
40004,Heidelberg Road,2021-05-20,755
40004,Heidelberg Road,2021-05-21,837
40004,Heidelberg Road,2021-05-22,837
40004,Heidelberg Road,2021-05-23,861
40004,Heidelberg Road,2021-05-24,947
40004,Heidelberg Road,2021-05-25,704
40004,Heidelberg Road,2021-05-26,611
40004,Heidelberg Road,2021-05-27,523
40004,Heidelberg Road,2021-05-28,377
40004,Heidelberg Road,2021-05-29,685
40004,Heidelberg Road,2021-05-30,882
40004,Heidelberg Road,2021-05-31,928
40004,Heidelberg Road,2021-06-01,1050
40004,Heidelberg Road,2021-06-02,1388
40004,Heidelberg Road,2021-06-03,1338
40004,Heidelberg Road,2021-06-04,761
40004,Heidelberg Road,2021-06-05,1738
40004,Heidelberg Road,2021-06-06,1687
40004,Heidelberg Road,2021-06-07,494
40004,Heidelberg Road,2021-06-08,169
40004,Heidelberg Road,2021-06-09,135
40004,Heidelberg Road,2021-06-10,219
40004,Heidelberg Road,2021-06-11,681
40004,Heidelberg Road,2021-06-12,720
40004,Heidelberg Road,2021-06-13,1423
40004,Heidelberg Road,2021-06-14,1320
40004,Heidelberg Road,2021-06-15,766
40004,Heidelberg Road,2021-06-16,381
40004,Heidelberg Road,2021-06-17,746
40004,Heidelberg Road,2021-06-18,332
40004,Heidelberg Road,2021-06-19,771
40004,Heidelberg Road,2021-06-20,934
40004,Heidelberg Road,2021-06-21,625
40004,Heidelberg Road,2021-06-22,843
40004,Heidelberg Road,2021-06-23,551
40004,Heidelberg Road,2021-06-24,683
40004,Heidelberg Road,2021-06-25,265
40004,Heidelberg Road,2021-06-26,576
40004,Heidelberg Road,2021-06-27,679
40004,Heidelberg Road,2021-06-28,726
40004,Heidelberg Road,2021-06-29,788
40004,Heidelberg Road,2021-06-30,745
40004,Heidelberg Road,2021-07-01,744
40004,Heidelberg Road,2021-07-02,562
40004,Heidelberg Road,2021-07-03,563
40004,Heidelberg Road,2021-07-04,367
40004,Heidelberg Road,2021-07-05,575
40004,Heidelberg Road,2021-07-06,777
40004,Heidelberg Road,2021-07-07,756
40004,Heidelberg Road,2021-07-08,703
40004,Heidelberg Road,2021-07-09,673
40004,Heidelberg Road,2021-07-10,688
40004,Heidelberg Road,2021-07-11,766
40004,Heidelberg Road,2021-07-12,690
40004,Heidelberg Road,2021-07-13,834
40004,Heidelberg Road,2021-07-14,427
40004,Heidelberg Road,2021-07-15,674
40004,Heidelberg Road,2021-07-16,306
40004,Heidelberg Road,2021-07-17,282
40004,Heidelberg Road,2021-07-18,859
40004,Heidelberg Road,2021-07-19,382
40004,Heidelberg Road,2021-07-20,230
40004,Heidelberg Road,2021-07-21,425
40004,Heidelberg Road,2021-07-22,563
40004,Heidelberg Road,2021-07-23,504
40004,Heidelberg Road,2021-07-24,618
40004,Heidelberg Road,2021-07-25,666
40004,Heidelberg Road,2021-07-26,478
40004,Heidelberg Road,2021-07-27,581
40004,Heidelberg Road,2021-07-28,381
40004,Heidelberg Road,2021-07-29,708
40004,Heidelberg Road,2021-07-30,592
40004,Heidelberg Road,2021-07-31,783
40004,Heidelberg Road,2021-08-01,846
40004,Heidelberg Road,2021-08-02,706
40004,Heidelberg Road,2021-08-03,536
40004,Heidelberg Road,2021-08-04,593
40004,Heidelberg Road,2021-08-05,728
40004,Heidelberg Road,2021-08-06,448
40004,Heidelberg Road,2021-08-07,771
40004,Heidelberg Road,2021-08-08,1140
40004,Heidelberg Road,2021-08-09,492
40004,Heidelberg Road,2021-08-10,713
40004,Heidelberg Road,2021-08-11,340
40004,Heidelberg Road,2021-08-12,654
40004,Heidelberg Road,2021-08-13,727
40004,Heidelberg Road,2021-08-14,1190
40004,Heidelberg Road,2021-08-15,1248
40004,Heidelberg Road,2021-08-16,363
40004,Heidelberg Road,2021-08-17,520
40004,Heidelberg Road,2021-08-18,636
40004,Heidelberg Road,2021-08-19,858
40004,Heidelberg Road,2021-08-20,360
40004,Heidelberg Road,2021-08-21,1172
40004,Heidelberg Road,2021-08-22,1307
40004,Heidelberg Road,2021-08-23,332
40004,Heidelberg Road,2021-08-24,566
40004,Heidelberg Road,2021-08-25,488
40004,Heidelberg Road,2021-08-26,642
40004,Heidelberg Road,2021-08-27,631
40004,Heidelberg Road,2021-08-28,1475
40004,Heidelberg Road,2021-08-29,354
40004,Heidelberg Road,2021-08-30,676
40004,Heidelberg Road,2021-08-31,562
40004,Heidelberg Road,2021-09-01,1048
40004,Heidelberg Road,2021-09-02,917
40004,Heidelberg Road,2021-09-03,290
40004,Heidelberg Road,2021-09-04,736
40004,Heidelberg Road,2021-09-05,812
40004,Heidelberg Road,2021-09-06,763
40004,Heidelberg Road,2021-09-07,674
40004,Heidelberg Road,2021-09-08,1022
40004,Heidelberg Road,2021-09-09,656
40004,Heidelberg Road,2021-09-10,775
40004,Heidelberg Road,2021-09-11,990
40004,Heidelberg Road,2021-09-12,1059
40004,Heidelberg Road,2021-09-13,551
40004,Heidelberg Road,2021-09-14,857
40004,Heidelberg Road,2021-09-15,832
40004,Heidelberg Road,2021-09-16,842
40004,Heidelberg Road,2021-09-17,592
40004,Heidelberg Road,2021-09-18,974
40004,Heidelberg Road,2021-09-19,1051
40004,Heidelberg Road,2021-09-20,308
40004,Heidelberg Road,2021-09-21,373
40004,Heidelberg Road,2021-09-22,838
40004,Heidelberg Road,2021-09-23,1114
40004,Heidelberg Road,2021-09-24,1097
40004,Heidelberg Road,2021-09-25,963
40004,Heidelberg Road,2021-09-26,1566
40004,Heidelberg Road,2021-09-27,898
40004,Heidelberg Road,2021-09-28,1106
40004,Heidelberg Road,2021-09-29,427
40004,Heidelberg Road,2021-09-30,348
40004,Heidelberg Road,2021-10-01,700
40004,Heidelberg Road,2021-10-02,993
40004,Heidelberg Road,2021-10-03,1478
40004,Heidelberg Road,2021-10-04,438
40004,Heidelberg Road,2021-10-05,482
40004,Heidelberg Road,2021-10-06,1085
40004,Heidelberg Road,2021-10-07,737
40004,Heidelberg Road,2021-10-08,984
40004,Heidelberg Road,2021-10-09,1523
40004,Heidelberg Road,2021-10-10,1236
40004,Heidelberg Road,2021-10-11,470
40004,Heidelberg Road,2021-10-12,1063
40004,Heidelberg Road,2021-10-13,659
40004,Heidelberg Road,2021-10-14,698
40004,Heidelberg Road,2021-10-15,387
40004,Heidelberg Road,2021-10-16,533
40004,Heidelberg Road,2021-10-17,1761
40004,Heidelberg Road,2021-10-18,565
40004,Heidelberg Road,2021-10-19,722
40004,Heidelberg Road,2021-10-20,1138
40004,Heidelberg Road,2021-10-21,852
40004,Heidelberg Road,2021-10-22,902
40004,Heidelberg Road,2021-10-23,381
40004,Heidelberg Road,2021-10-24,946
40004,Heidelberg Road,2021-10-25,585
40004,Heidelberg Road,2021-10-26,1090
40004,Heidelberg Road,2021-10-27,983
40004,Heidelberg Road,2021-10-28,585
40004,Heidelberg Road,2021-10-29,191
40004,Heidelberg Road,2021-10-30,723
40004,Heidelberg Road,2021-10-31,1110
40004,Heidelberg Road,2021-11-01,868
40004,Heidelberg Road,2021-11-02,1037
40004,Heidelberg Road,2021-11-03,391
40004,Heidelberg Road,2021-11-04,703
40004,Heidelberg Road,2021-11-05,911
40004,Heidelberg Road,2021-11-06,901
40004,Heidelberg Road,2021-11-07,599
40004,Heidelberg Road,2021-11-08,795
40004,Heidelberg Road,2021-11-09,1073
40004,Heidelberg Road,2021-11-10,264
40004,Heidelberg Road,2021-11-11,884
40004,Heidelberg Road,2021-11-12,244
40004,Heidelberg Road,2021-11-13,189
40004,Heidelberg Road,2021-11-14,488
40004,Heidelberg Road,2021-11-15,501
40004,Heidelberg Road,2021-11-16,749
40004,Heidelberg Road,2021-11-17,966
40004,Heidelberg Road,2021-11-18,743
40004,Heidelberg Road,2021-11-19,716
40004,Heidelberg Road,2021-11-20,965
40004,Heidelberg Road,2021-11-21,829
40004,Heidelberg Road,2021-11-22,931
40004,Heidelberg Road,2021-11-23,999
40004,Heidelberg Road,2021-11-24,790
40004,Heidelberg Road,2021-11-25,757
40004,Heidelberg Road,2021-11-26,669
40004,Heidelberg Road,2021-11-27,858
40004,Heidelberg Road,2021-11-28,1010
40004,Heidelberg Road,2021-11-29,961
40004,Heidelberg Road,2021-11-30,1134
40004,Heidelberg Road,2021-12-01,822
40004,Heidelberg Road,2021-12-02,705
40004,Heidelberg Road,2021-12-03,907
40004,Heidelberg Road,2021-12-04,876
40004,Heidelberg Road,2021-12-05,928
40004,Heidelberg Road,2021-12-06,876
40004,Heidelberg Road,2021-12-07,721
40004,Heidelberg Road,2021-12-08,923
40004,Heidelberg Road,2021-12-09,641
40004,Heidelberg Road,2021-12-10,854
40004,Heidelberg Road,2021-12-11,930
40004,Heidelberg Road,2021-12-12,1054
40004,Heidelberg Road,2021-12-20,906
40004,Heidelberg Road,2021-12-21,1023
40004,Heidelberg Road,2021-12-22,857
40004,Heidelberg Road,2021-12-23,699
40004,Heidelberg Road,2021-12-24,704
40004,Heidelberg Road,2021-12-25,353
40004,Heidelberg Road,2021-12-26,483
40004,Heidelberg Road,2021-12-27,601
40004,Heidelberg Road,2021-12-28,742
40004,Heidelberg Road,2021-12-29,740
40004,Heidelberg Road,2021-12-30,579
40004,Heidelberg Road,2021-12-31,446
40004,Heidelberg Road,2022-01-01,282
40004,Heidelberg Road,2022-01-02,532
40004,Heidelberg Road,2022-01-10,599
40004,Heidelberg Road,2022-01-11,739
40004,Heidelberg Road,2022-01-12,754
40004,Heidelberg Road,2022-01-13,644
40004,Heidelberg Road,2022-01-14,483
40004,Heidelberg Road,2022-01-15,714
40004,Heidelberg Road,2022-01-16,871
40004,Heidelberg Road,2022-01-17,728
40004,Heidelberg Road,2022-01-18,914
40004,Heidelberg Road,2022-01-19,807
40004,Heidelberg Road,2022-01-20,813
40004,Heidelberg Road,2022-01-21,729
40004,Heidelberg Road,2022-01-22,778
40004,Heidelberg Road,2022-01-23,661
40004,Heidelberg Road,2022-01-24,585
40004,Heidelberg Road,2022-01-25,792
40004,Heidelberg Road,2022-01-26,830
40004,Heidelberg Road,2022-01-27,422
40004,Heidelberg Road,2022-01-28,413
40004,Heidelberg Road,2022-01-29,688
40004,Heidelberg Road,2022-01-30,996
40004,Heidelberg Road,2022-01-31,720
40004,Heidelberg Road,2022-02-01,952
40004,Heidelberg Road,2022-02-02,901
40004,Heidelberg Road,2022-02-03,647
40004,Heidelberg Road,2022-02-04,927
40004,Heidelberg Road,2022-02-05,1037
40004,Heidelberg Road,2022-02-06,992
40004,Heidelberg Road,2022-02-21,416
40004,Heidelberg Road,2022-02-22,567
40004,Heidelberg Road,2022-02-23,490
40004,Heidelberg Road,2022-02-24,514
40004,Heidelberg Road,2022-02-25,407
40004,Heidelberg Road,2022-02-26,444
40004,Heidelberg Road,2022-02-27,890
40004,Heidelberg Road,2022-03-07,994
40004,Heidelberg Road,2022-03-08,1064
40004,Heidelberg Road,2022-03-09,1106
40004,Heidelberg Road,2022-03-10,1086
40004,Heidelberg Road,2022-03-11,808
40004,Heidelberg Road,2022-03-12,838
40004,Heidelberg Road,2022-03-13,699
40004,Heidelberg Road,2022-03-14,776
40004,Heidelberg Road,2022-03-15,961
40004,Heidelberg Road,2022-03-16,1068
40004,Heidelberg Road,2022-03-17,979
40004,Heidelberg Road,2022-03-18,827
40004,Heidelberg Road,2022-03-19,1004
40004,Heidelberg Road,2022-03-20,902
40004,Heidelberg Road,2022-03-21,1028
40004,Heidelberg Road,2022-03-22,1033
40004,Heidelberg Road,2022-03-23,1040
40004,Heidelberg Road,2022-03-24,1046
40004,Heidelberg Road,2022-03-25,947
40004,Heidelberg Road,2022-03-26,1008
40004,Heidelberg Road,2022-03-27,887
40004,Heidelberg Road,2022-03-28,956
40004,Heidelberg Road,2022-03-29,1215
40004,Heidelberg Road,2022-03-30,1102
40004,Heidelberg Road,2022-03-31,930
40005,Heidelberg Road,2021-01-09,247
40005,Heidelberg Road,2021-01-10,883
40005,Heidelberg Road,2021-01-11,335
40005,Heidelberg Road,2021-01-12,402
40005,Heidelberg Road,2021-01-13,384
40005,Heidelberg Road,2021-01-14,542
40005,Heidelberg Road,2021-01-15,618
40005,Heidelberg Road,2021-01-16,701
40005,Heidelberg Road,2021-01-17,1140
40005,Heidelberg Road,2021-01-18,781
40005,Heidelberg Road,2021-01-19,989
40005,Heidelberg Road,2021-01-20,1071
40005,Heidelberg Road,2021-01-21,921
40005,Heidelberg Road,2021-01-22,909
40005,Heidelberg Road,2021-01-23,456
40005,Heidelberg Road,2021-01-24,334
40005,Heidelberg Road,2021-01-25,204
40005,Heidelberg Road,2021-01-26,374
40005,Heidelberg Road,2021-01-27,1049
40005,Heidelberg Road,2021-01-28,1089
40005,Heidelberg Road,2021-01-29,233
40005,Heidelberg Road,2021-01-30,1064
40005,Heidelberg Road,2021-01-31,1420
40005,Heidelberg Road,2021-02-01,916
40005,Heidelberg Road,2021-02-02,975
40005,Heidelberg Road,2021-02-03,1215
40005,Heidelberg Road,2021-02-04,1146
40005,Heidelberg Road,2021-02-05,402
40005,Heidelberg Road,2021-02-06,1084
40005,Heidelberg Road,2021-02-07,924
40005,Heidelberg Road,2021-02-08,899
40005,Heidelberg Road,2021-02-09,1258
40005,Heidelberg Road,2021-02-10,1126
40005,Heidelberg Road,2021-02-11,999
40005,Heidelberg Road,2021-02-12,857
40005,Heidelberg Road,2021-02-13,920
40005,Heidelberg Road,2021-02-14,1297
40005,Heidelberg Road,2021-02-15,792
40005,Heidelberg Road,2021-02-16,1001
40005,Heidelberg Road,2021-02-17,949
40005,Heidelberg Road,2021-02-18,1093
40005,Heidelberg Road,2021-02-19,909
40005,Heidelberg Road,2021-02-20,945
40005,Heidelberg Road,2021-02-21,1141
40005,Heidelberg Road,2021-02-22,840
40005,Heidelberg Road,2021-02-23,963
40005,Heidelberg Road,2021-02-24,1046
40005,Heidelberg Road,2021-02-25,1030
40005,Heidelberg Road,2021-02-26,916
40005,Heidelberg Road,2021-02-27,1012
40005,Heidelberg Road,2021-02-28,1302
40005,Heidelberg Road,2021-03-01,903
40005,Heidelberg Road,2021-03-02,1060
40005,Heidelberg Road,2021-03-03,1051
40005,Heidelberg Road,2021-03-04,1073
40005,Heidelberg Road,2021-03-05,771
40005,Heidelberg Road,2021-03-06,900
40005,Heidelberg Road,2021-03-07,890
40005,Heidelberg Road,2021-03-08,514
40005,Heidelberg Road,2021-03-09,781
40005,Heidelberg Road,2021-03-10,1143
40005,Heidelberg Road,2021-03-11,1159
40005,Heidelberg Road,2021-03-12,1066
40005,Heidelberg Road,2021-03-13,647
40005,Heidelberg Road,2021-03-14,836
40005,Heidelberg Road,2021-03-15,943
40005,Heidelberg Road,2021-03-16,1198
40005,Heidelberg Road,2021-03-17,1146
40005,Heidelberg Road,2021-03-18,1111
40005,Heidelberg Road,2021-03-19,1006
40005,Heidelberg Road,2021-03-20,994
40005,Heidelberg Road,2021-03-21,174
40005,Heidelberg Road,2021-03-22,629
40005,Heidelberg Road,2021-03-23,545
40005,Heidelberg Road,2021-03-24,653
40005,Heidelberg Road,2021-03-25,808
40005,Heidelberg Road,2021-03-26,971
40005,Heidelberg Road,2021-03-27,426
40005,Heidelberg Road,2021-03-28,1000
40005,Heidelberg Road,2021-03-29,651
40005,Heidelberg Road,2021-03-30,1110
40005,Heidelberg Road,2021-03-31,1105
40005,Heidelberg Road,2021-04-01,974
40005,Heidelberg Road,2021-04-02,917
40005,Heidelberg Road,2021-04-03,592
40005,Heidelberg Road,2021-04-04,686
40005,Heidelberg Road,2021-04-05,780
40005,Heidelberg Road,2021-04-06,836
40005,Heidelberg Road,2021-04-07,928
40005,Heidelberg Road,2021-04-08,1050
40005,Heidelberg Road,2021-04-09,666
40005,Heidelberg Road,2021-04-10,732
40005,Heidelberg Road,2021-04-11,157
40005,Heidelberg Road,2021-04-12,482
40005,Heidelberg Road,2021-04-13,997
40005,Heidelberg Road,2021-04-14,898
40005,Heidelberg Road,2021-04-15,821
40005,Heidelberg Road,2021-04-16,749
40005,Heidelberg Road,2021-04-17,906
40005,Heidelberg Road,2021-04-18,913
40005,Heidelberg Road,2021-04-19,887
40005,Heidelberg Road,2021-04-20,657
40005,Heidelberg Road,2021-04-21,841
40005,Heidelberg Road,2021-04-22,903
40005,Heidelberg Road,2021-04-23,788
40005,Heidelberg Road,2021-04-24,766
40005,Heidelberg Road,2021-04-25,760
40005,Heidelberg Road,2021-04-26,773
40005,Heidelberg Road,2021-04-27,946
40005,Heidelberg Road,2021-04-28,1037
40005,Heidelberg Road,2021-04-29,1057
40005,Heidelberg Road,2021-04-30,970
40005,Heidelberg Road,2021-05-01,979
40005,Heidelberg Road,2021-05-02,913
40005,Heidelberg Road,2021-05-03,565
40005,Heidelberg Road,2021-05-04,452
40005,Heidelberg Road,2021-05-05,1026
40005,Heidelberg Road,2021-05-06,1041
40005,Heidelberg Road,2021-05-07,960
40005,Heidelberg Road,2021-05-08,880
40005,Heidelberg Road,2021-05-09,652
40005,Heidelberg Road,2021-05-10,593
40005,Heidelberg Road,2021-05-11,419
40005,Heidelberg Road,2021-05-12,1158
40005,Heidelberg Road,2021-05-13,756
40005,Heidelberg Road,2021-05-14,669
40005,Heidelberg Road,2021-05-15,242
40005,Heidelberg Road,2021-05-16,783
40005,Heidelberg Road,2021-05-17,656
40005,Heidelberg Road,2021-05-18,1050
40005,Heidelberg Road,2021-05-19,998
40005,Heidelberg Road,2021-05-20,680
40005,Heidelberg Road,2021-05-21,878
40005,Heidelberg Road,2021-05-22,912
40005,Heidelberg Road,2021-05-23,954
40005,Heidelberg Road,2021-05-24,873
40005,Heidelberg Road,2021-05-25,684
40005,Heidelberg Road,2021-05-26,586
40005,Heidelberg Road,2021-05-27,496
40005,Heidelberg Road,2021-05-28,428
40005,Heidelberg Road,2021-05-29,831
40005,Heidelberg Road,2021-05-30,1045
40005,Heidelberg Road,2021-05-31,978
40005,Heidelberg Road,2021-06-01,1218
40005,Heidelberg Road,2021-06-02,1506
40005,Heidelberg Road,2021-06-03,1462
40005,Heidelberg Road,2021-06-04,820
40005,Heidelberg Road,2021-06-05,2218
40005,Heidelberg Road,2021-06-06,2130
40005,Heidelberg Road,2021-06-07,538
40005,Heidelberg Road,2021-06-08,158
40005,Heidelberg Road,2021-06-09,159
40005,Heidelberg Road,2021-06-10,224
40005,Heidelberg Road,2021-06-11,762
40005,Heidelberg Road,2021-06-12,800
40005,Heidelberg Road,2021-06-13,1586
40005,Heidelberg Road,2021-06-14,1614
40005,Heidelberg Road,2021-06-15,789
40005,Heidelberg Road,2021-06-16,356
40005,Heidelberg Road,2021-06-17,748
40005,Heidelberg Road,2021-06-18,337
40005,Heidelberg Road,2021-06-19,923
40005,Heidelberg Road,2021-06-20,1048
40005,Heidelberg Road,2021-06-21,634
40005,Heidelberg Road,2021-06-22,840
40005,Heidelberg Road,2021-06-23,525
40005,Heidelberg Road,2021-06-24,679
40005,Heidelberg Road,2021-06-25,223
40005,Heidelberg Road,2021-06-26,674
40005,Heidelberg Road,2021-06-27,771
40005,Heidelberg Road,2021-06-28,751
40005,Heidelberg Road,2021-06-29,790
40005,Heidelberg Road,2021-06-30,817
40005,Heidelberg Road,2021-07-01,787
40005,Heidelberg Road,2021-07-02,544
40005,Heidelberg Road,2021-07-03,653
40005,Heidelberg Road,2021-07-04,437
40005,Heidelberg Road,2021-07-05,542
40005,Heidelberg Road,2021-07-06,750
40005,Heidelberg Road,2021-07-07,677
40005,Heidelberg Road,2021-07-08,663
40005,Heidelberg Road,2021-07-09,662
40005,Heidelberg Road,2021-07-10,800
40005,Heidelberg Road,2021-07-11,854
40005,Heidelberg Road,2021-07-12,660
40005,Heidelberg Road,2021-07-13,740
40005,Heidelberg Road,2021-07-14,382
40005,Heidelberg Road,2021-07-15,648
40005,Heidelberg Road,2021-07-16,316
40005,Heidelberg Road,2021-07-17,321
40005,Heidelberg Road,2021-07-18,1030
40005,Heidelberg Road,2021-07-19,386
40005,Heidelberg Road,2021-07-20,220
40005,Heidelberg Road,2021-07-21,427
40005,Heidelberg Road,2021-07-22,599
40005,Heidelberg Road,2021-07-23,557
40005,Heidelberg Road,2021-07-24,756
40005,Heidelberg Road,2021-07-25,829
40005,Heidelberg Road,2021-07-26,496
40005,Heidelberg Road,2021-07-27,617
40005,Heidelberg Road,2021-07-28,361
40005,Heidelberg Road,2021-07-29,799
40005,Heidelberg Road,2021-07-30,639
40005,Heidelberg Road,2021-07-31,954
40005,Heidelberg Road,2021-08-01,1005
40005,Heidelberg Road,2021-08-02,664
40005,Heidelberg Road,2021-08-03,493
40005,Heidelberg Road,2021-08-04,504
40005,Heidelberg Road,2021-08-05,660
40005,Heidelberg Road,2021-08-06,506
40005,Heidelberg Road,2021-08-07,953
40005,Heidelberg Road,2021-08-08,1321
40005,Heidelberg Road,2021-08-09,506
40005,Heidelberg Road,2021-08-10,736
40005,Heidelberg Road,2021-08-11,354
40005,Heidelberg Road,2021-08-12,706
40005,Heidelberg Road,2021-08-13,803
40005,Heidelberg Road,2021-08-14,1441
40005,Heidelberg Road,2021-08-15,1496
40005,Heidelberg Road,2021-08-16,363
40005,Heidelberg Road,2021-08-17,551
40005,Heidelberg Road,2021-08-18,735
40005,Heidelberg Road,2021-08-19,869
40005,Heidelberg Road,2021-08-20,390
40005,Heidelberg Road,2021-08-21,1480
40005,Heidelberg Road,2021-08-22,1574
40005,Heidelberg Road,2021-08-23,330
40005,Heidelberg Road,2021-08-24,656
40005,Heidelberg Road,2021-08-25,524
40005,Heidelberg Road,2021-08-26,712
40005,Heidelberg Road,2021-08-27,682
40005,Heidelberg Road,2021-08-28,1727
40005,Heidelberg Road,2021-08-29,381
40005,Heidelberg Road,2021-08-30,744
40005,Heidelberg Road,2021-08-31,618
40005,Heidelberg Road,2021-09-01,1169
40005,Heidelberg Road,2021-09-02,1041
40005,Heidelberg Road,2021-09-03,300
40005,Heidelberg Road,2021-09-04,883
40005,Heidelberg Road,2021-09-05,825
40005,Heidelberg Road,2021-09-06,768
40005,Heidelberg Road,2021-09-07,746
40005,Heidelberg Road,2021-09-08,1096
40005,Heidelberg Road,2021-09-09,771
40005,Heidelberg Road,2021-09-10,931
40005,Heidelberg Road,2021-09-11,1182
40005,Heidelberg Road,2021-09-12,1257
40005,Heidelberg Road,2021-09-13,603
40005,Heidelberg Road,2021-09-14,935
40005,Heidelberg Road,2021-09-15,911
40005,Heidelberg Road,2021-09-16,925
40005,Heidelberg Road,2021-09-17,639
40005,Heidelberg Road,2021-09-18,1195
40005,Heidelberg Road,2021-09-19,1181
40005,Heidelberg Road,2021-09-20,309
40005,Heidelberg Road,2021-09-21,370
40005,Heidelberg Road,2021-09-22,995
40005,Heidelberg Road,2021-09-23,1303
40005,Heidelberg Road,2021-09-24,1231
40005,Heidelberg Road,2021-09-25,1059
40005,Heidelberg Road,2021-09-26,1864
40005,Heidelberg Road,2021-09-27,993
40005,Heidelberg Road,2021-09-28,1304
40005,Heidelberg Road,2021-09-29,437
40005,Heidelberg Road,2021-09-30,331
40005,Heidelberg Road,2021-10-01,800
40005,Heidelberg Road,2021-10-02,1168
40005,Heidelberg Road,2021-10-03,1868
40005,Heidelberg Road,2021-10-04,437
40005,Heidelberg Road,2021-10-05,504
40005,Heidelberg Road,2021-10-06,1202
40005,Heidelberg Road,2021-10-07,437
40005,Heidelberg Road,2021-10-08,568
40005,Heidelberg Road,2021-10-09,960
40005,Heidelberg Road,2021-10-10,802
40005,Heidelberg Road,2021-10-11,275
40005,Heidelberg Road,2021-10-12,624
40005,Heidelberg Road,2021-10-13,406
40005,Heidelberg Road,2021-10-14,793
40005,Heidelberg Road,2021-10-15,471
40005,Heidelberg Road,2021-10-16,537
40005,Heidelberg Road,2021-10-17,2199
40005,Heidelberg Road,2021-10-18,619
40005,Heidelberg Road,2021-10-19,744
40005,Heidelberg Road,2021-10-20,1364
40005,Heidelberg Road,2021-10-21,911
40005,Heidelberg Road,2021-10-22,1087
40005,Heidelberg Road,2021-10-23,419
40005,Heidelberg Road,2021-10-24,1121
40005,Heidelberg Road,2021-10-25,631
40005,Heidelberg Road,2021-10-26,1193
40005,Heidelberg Road,2021-10-27,1102
40005,Heidelberg Road,2021-10-28,628
40005,Heidelberg Road,2021-10-29,222
40005,Heidelberg Road,2021-10-30,855
40005,Heidelberg Road,2021-10-31,1326
40005,Heidelberg Road,2021-11-01,916
40005,Heidelberg Road,2021-11-02,1146
40005,Heidelberg Road,2021-11-03,381
40005,Heidelberg Road,2021-11-04,765
40005,Heidelberg Road,2021-11-05,956
40005,Heidelberg Road,2021-11-06,1069
40005,Heidelberg Road,2021-11-07,717
40005,Heidelberg Road,2021-11-08,771
40005,Heidelberg Road,2021-11-09,1070
40005,Heidelberg Road,2021-11-10,281
40005,Heidelberg Road,2021-11-11,855
40005,Heidelberg Road,2021-11-12,239
40005,Heidelberg Road,2021-11-13,214
40005,Heidelberg Road,2021-11-14,551
40005,Heidelberg Road,2021-11-15,250
40005,Heidelberg Road,2021-11-16,370
40005,Heidelberg Road,2021-11-17,507
40005,Heidelberg Road,2021-11-18,350
40005,Heidelberg Road,2021-11-19,349
40005,Heidelberg Road,2021-11-20,512
40005,Heidelberg Road,2021-11-21,470
40005,Heidelberg Road,2021-11-22,392
40005,Heidelberg Road,2021-11-23,469
40005,Heidelberg Road,2021-11-24,373
40005,Heidelberg Road,2021-11-25,342
40005,Heidelberg Road,2021-11-26,595
40005,Heidelberg Road,2021-11-27,897
40005,Heidelberg Road,2021-11-28,1186
40005,Heidelberg Road,2021-11-29,909
40005,Heidelberg Road,2021-11-30,1155
40005,Heidelberg Road,2021-12-01,776
40005,Heidelberg Road,2021-12-02,653
40005,Heidelberg Road,2021-12-03,842
40005,Heidelberg Road,2021-12-04,907
40005,Heidelberg Road,2021-12-05,1038
40005,Heidelberg Road,2021-12-06,815
40005,Heidelberg Road,2021-12-07,650
40005,Heidelberg Road,2021-12-08,880
40005,Heidelberg Road,2021-12-09,566
40005,Heidelberg Road,2021-12-10,849
40005,Heidelberg Road,2021-12-11,974
40005,Heidelberg Road,2021-12-12,1208
40005,Heidelberg Road,2021-12-20,909
40005,Heidelberg Road,2021-12-21,1024
40005,Heidelberg Road,2021-12-22,839
40005,Heidelberg Road,2021-12-23,696
40005,Heidelberg Road,2021-12-24,805
40005,Heidelberg Road,2021-12-25,382
40005,Heidelberg Road,2021-12-26,552
40005,Heidelberg Road,2021-12-27,686
40005,Heidelberg Road,2021-12-28,793
40005,Heidelberg Road,2021-12-29,726
40005,Heidelberg Road,2021-12-30,623
40005,Heidelberg Road,2021-12-31,534
40005,Heidelberg Road,2022-01-01,312
40005,Heidelberg Road,2022-01-02,644
40005,Heidelberg Road,2022-01-10,640
40005,Heidelberg Road,2022-01-11,746
40005,Heidelberg Road,2022-01-12,779
40005,Heidelberg Road,2022-01-13,706
40005,Heidelberg Road,2022-01-14,497
40005,Heidelberg Road,2022-01-15,814
40005,Heidelberg Road,2022-01-16,1004
40005,Heidelberg Road,2022-01-17,725
40005,Heidelberg Road,2022-01-18,946
40005,Heidelberg Road,2022-01-19,784
40005,Heidelberg Road,2022-01-20,830
40005,Heidelberg Road,2022-01-21,757
40005,Heidelberg Road,2022-01-22,812
40005,Heidelberg Road,2022-01-23,808
40005,Heidelberg Road,2022-01-24,568
40005,Heidelberg Road,2022-01-25,779
40005,Heidelberg Road,2022-01-26,948
40005,Heidelberg Road,2022-01-27,383
40005,Heidelberg Road,2022-01-28,460
40005,Heidelberg Road,2022-01-29,724
40005,Heidelberg Road,2022-01-30,1167
40005,Heidelberg Road,2022-01-31,701
40005,Heidelberg Road,2022-02-01,950
40005,Heidelberg Road,2022-02-02,849
40005,Heidelberg Road,2022-02-03,582
40005,Heidelberg Road,2022-02-04,949
40005,Heidelberg Road,2022-02-05,1140
40005,Heidelberg Road,2022-02-06,1185
40005,Heidelberg Road,2022-02-21,784
40005,Heidelberg Road,2022-02-22,1055
40005,Heidelberg Road,2022-02-23,979
40005,Heidelberg Road,2022-02-24,952
40005,Heidelberg Road,2022-02-25,866
40005,Heidelberg Road,2022-02-26,1042
40005,Heidelberg Road,2022-02-27,1016
40005,Heidelberg Road,2022-03-07,936
40005,Heidelberg Road,2022-03-08,954
40005,Heidelberg Road,2022-03-09,1042
40005,Heidelberg Road,2022-03-10,496
40005,Heidelberg Road,2022-03-11,367
40005,Heidelberg Road,2022-03-12,353
40005,Heidelberg Road,2022-03-13,377
40005,Heidelberg Road,2022-03-14,350
40005,Heidelberg Road,2022-03-15,428
40005,Heidelberg Road,2022-03-16,447
40005,Heidelberg Road,2022-03-17,426
40005,Heidelberg Road,2022-03-18,389
40005,Heidelberg Road,2022-03-19,435
40005,Heidelberg Road,2022-03-20,469
40005,Heidelberg Road,2022-03-21,406
40005,Heidelberg Road,2022-03-22,415
40005,Heidelberg Road,2022-03-23,472
40005,Heidelberg Road,2022-03-24,991
40005,Heidelberg Road,2022-03-25,888
40005,Heidelberg Road,2022-03-26,1047
40005,Heidelberg Road,2022-03-27,934
40005,Heidelberg Road,2022-03-28,858
40005,Heidelberg Road,2022-03-29,1088
40005,Heidelberg Road,2022-03-30,971
40005,Heidelberg Road,2022-03-31,864
