InterventionID,SiteID,StreetSegmentID,SiteType,Baseline,StreetInScope,InterventionSiteID,DateOfIntervention/InitialCapture,DisruptionStartDate,DisruptionEndDate,InterventionType,NoChangeSince,StreetTrees,StreetTreesChange,StreetLighting,StreetLightingChange,StreetFurniture,StreetFurnitureChange,Placemaking,PlacemakingChange,Wayfinding,WayfindingChange,StreetInScopeOnStreetParking,StreetInScopeParkingFormat,StreetInScopeOnStreetParkingCapacity,BufferOnStreetParking,BufferOnStreetParkingFormat,BufferOnStreetParkingCapacity,OffStreetParking,OffStreetParkingCapacity,NumberOfTrafficLanes,PedestrianEstimatesAvgDay,InterventionSummary,InterventionSummaryExpanded,Comment
control_id_1_11903,control_id_1,11903,Control,Yes,LYGON STREET,NA,20251015,NA,NA,Control,20091012,Yes,NA,Yes,NA,Yes,NA,No,NA,No,NA,Yes,Parallel,105,Yes,Mixed,High,Yes,Low,2,2360,NA Control Site,NA Control Site,
control_id_10_3391,control_id_10,3391,Control,Yes,HIGH STREET,NA,20251015,NA,NA,Control,20180116,Yes,NA,Yes,NA,Yes,NA,No,NA,No,NA,Yes,Parallel,152,Yes,Parallel,High,No,None,2,2230,NA Control Site,NA Control Site,No Change since 12102009
control_id_101_4175,control_id_101,4175,Control,Yes,MURRUMBEENA ROAD,NA,20251004,NA,NA,Control,20190114,Yes,NA,Yes,NA,Yes,NA,Yes,NA,Yes,NA,Yes,Parallel,7,Yes,Parallel,Medium,Yes,High,4,1390,NA Control Site,NA Control Site,"Site Parking - ~ 8 spots S of Railway Pde, Off Street at station
NoChangeSince - post Level crossing works"
control_id_102_3813,control_id_102,3813,Control,Yes,WATTON STREET,NA,20251015,NA,NA,Control,20210902,Yes,NoChange,Yes,NoChange,Yes,NoChange,Yes,NoChange,Yes,NoChange,Yes,Angled,237,Yes,Mixed,Medium,Yes,High,2,2730,NA Control Site,NA Control Site,2 additional parking bays added on Watton St in 2015 after removal of vehicle accessway. Multi-storey parking on Princes Hwy constructed 2021
control_id_103_12024,control_id_103,12024,Control,Yes,ERROL ST,NA,20251015,NA,NA,Control,20210901,Yes,NA,Yes,NA,Yes,NA,Yes,NA,Yes,NA,Yes,Parallel,44,Yes,Mixed,High,Yes,Low,2,3620,NA Control site,NA Control Site,"Jan 22 2021: Shopfront extended onto road which reduced on-street parking by 4 spots
Sep 1 2021: Shopfront extent reduced, so gained back 2 on-street parking spots"
control_id_104_12025,control_id_104,12025,Control,Yes,ERROL ST,NA,20251015,20240623,20251015,Control,20091012,Yes,NoChange,Yes,NoChange,Yes,NoChange,No,NoChange,Yes,NoChange,Yes,Parallel,43,Yes,Mixed,High,No,None,2,2110,NA Control Site,NA Control Site,Arden St protected bike lanes constructed from 2024
control_id_105_4844,control_id_105,4844,Control,Yes,COLLINS STREET,NA,20251015,NA,NA,Control,20100621,Yes,NA,Yes,NA,Yes,NA,Yes,NA,Yes,NA,Yes,Parallel,18,Yes,Parallel,Low,Yes,High,2,28820,NA Control Site,NA Control Site,"Parking - various parking garages
NoChangeSince - cycling linemarking"
control_id_105_4845,control_id_105,4845,Control,Yes,COLLINS STREET,NA,20251015,NA,NA,Control,20100621,Yes,NA,Yes,NA,Yes,NA,Yes,NA,Yes,NA,Yes,Parallel,30,Yes,Parallel,Low,Yes,High,2,28040,NA Control Site,NA Control Site,"Parking - various parking garages
NoChangeSince - cycling linemarking"
control_id_106_6079,control_id_106,6079,Control,Yes,LONSDALE STREET,NA,20251015,20140314,20230706,Control,20230706,Yes,NA,Yes,NA,Yes,NA,Yes,NA,Yes,NA,Yes,None,0,Yes,Parallel,Low,Yes,High,4,11390,NA Control site,NA Control Site,"2009 to 2023: Series of construction of high-rise buildings
Took disruption start and end date  of demolition of old building to the final construction of current building"
control_id_106_6080,control_id_106,6080,Control,Yes,LONSDALE STREET,NA,20251015,20220628,20251015,Control,20251015,Yes,NA,Yes,NA,Yes,NA,No,NA,Yes,NA,Yes,Mixed,59,Yes,Parallel,Medium,Yes,High,4,14610,NA Control site,NA Control Site,2022 to 2025: Renovations to corner building 
control_id_107_4846,control_id_107,4846,Control,Yes,COLLINS STREET,NA,20251015,20150517,20150913,Control,20150913,Yes,NA,Yes,NA,Yes,NA,Yes,NA,No,NA,Yes,Parallel,21,Yes,Parallel,Low,Yes,High,2,31430,NA Control Site,NA Control Site,"Parking - various parking garages
NoChangeSince/Disruption - upgraded tram stop"
control_id_107_4847,control_id_107,4847,Control,Yes,COLLINS STREET,NA,20251015,NA,NA,Control,20100621,Yes,NA,Yes,NA,Yes,NA,Yes,NA,Yes,NA,Yes,Parallel,23,Yes,Parallel,Low,Yes,High,2,30640,NA Control Site,NA Control Site,"Parking - various parking garages
NoChangeSince - cycling linemarking"
control_id_108_6077,control_id_108,6077,Control,Yes,LONSDALE STREET,NA,20250526,20200907,20210727,Control,20210727,Yes,NA,Yes,NA,Yes,NA,No,NA,Yes,NA,Yes,Parallel,39,Yes,Mixed,Low,Yes,Medium,4,15350,NA Control Site,NA Control Site,6 parking spots are converted into road median/road crossing
control_id_108_6078,control_id_108,6078,Control,Yes,LONSDALE STREET,NA,20250526,NA,NA,Control,20091012,Yes,NA,Yes,NA,Yes,NA,Yes,NA,Yes,NA,Yes,Parallel,75,Yes,Mixed,Low,Yes,Medium,4,12330,NA Control Site,NA Control Site,
control_id_109_4848,control_id_109,4848,Control,Yes,COLLINS STREET,NA,20251015,NA,NA,Control,20100621,Yes,NA,Yes,NA,Yes,NA,Yes,NA,Yes,NA,Yes,Parallel,44,Yes,Parallel,Low,Yes,High,2,34190,NA Control Site,NA Control Site,"Parking - various parking garages
NoChangeSince - cycling linemarking"
control_id_109_4849,control_id_109,4849,Control,Yes,COLLINS STREET,NA,20251015,NA,NA,Control,20100621,Yes,NA,Yes,NA,Yes,NA,Yes,NA,Yes,NA,Yes,Parallel,13,Yes,Parallel,Medium,Yes,High,2,16890,NA Control Site,NA Control Site,"Parking - various parking garages
NoChangeSince - cycling linemarking"
control_id_11_3270,control_id_11,3270,Control,Yes,CHAPEL STREET,NA,20251015,NA,NA,Control,20220417,Yes,NA,Yes,NA,Yes,NA,No,NA,Yes,NA,Yes,Parallel,110,Yes,Mixed,High,Yes,Medium,2,9310,NA Control Site,NA Control Site,"Kerb buildout in NB direction at Union St corner, installed in 2022 and removes parking"
control_id_110_6076,control_id_110,6076,Control,Yes,LONSDALE STREET,NA,20251015,20110628,20140304,Control,20150905,Yes,NA,Yes,NA,Yes,NA,Yes,NA,Yes,NA,Yes,Parallel,31,Yes,Mixed,Medium,Yes,High,4,31890,NA Control site,NA Control Site,"Sep 5 2014: Added more trees on traffic island
Jun 28 2011 to Mar 4 2014: Construction works at Emporium"
control_id_110_6075,control_id_110,6075,Control,Yes,LONSDALE STREET,NA,20251015,NA,20151015,Control,20151015,Yes,NA,Yes,NA,Yes,NA,Yes,NA,Yes,NA,Yes,Mixed,71,Yes,Mixed,Medium,Yes,Low,4,16980,NA Control site,NA Control Site,Between Aug 3 2025 and Oct 15 2025: Added motorcycle parking in median strip where previously cars could u-turn
control_id_111_12026,control_id_111,12026,Control,Yes,BOURKE ST,NA,20251015,NA,NA,Control,20091012,Yes,NoChange,Yes,NoChange,Yes,NoChange,Yes,NoChange,Yes,NoChange,Yes,Parallel,27,Yes,Parallel,Low,Yes,High,2,29490,NA Control Site,NA Control Site,2009-2014 some removal of public parking for permit (carshare) parking according to Google Street View
control_id_112_12027,control_id_112,12027,Control,Yes,BOURKE ST,NA,20251015,NA,NA,Control,20091012,Yes,NoChange,Yes,NoChange,Yes,NoChange,Yes,NoChange,Yes,NoChange,Yes,Parallel,51,Yes,Parallel,Low,Yes,High,2,32370,NA Control Site,NA Control Site,"Some temporary changes to loading/permit parking returned to public parking in 2024 according to Google Street View, unclear when exactly on aerial"
control_id_113_12028,control_id_113,12028,Control,Yes,BOURKE ST,NA,20251015,NA,NA,Control,20091012,Yes,NA,Yes,NA,Yes,NA,Yes,NA,Yes,NA,Yes,Parallel,25,Yes,Parallel,Medium,Yes,High,2,17180,NA Control site,NA Control Site,Minor changes to parking where shopfronts have been extended out onto the road for some years and then brought back in - increased and reduced on-street parking spots depending
control_id_114_5458,control_id_114,5458,Control,Yes,SPENCER STREET,NA,20251015,NA,NA,Control,20091012,Yes,NoChange,Yes,NoChange,Yes,NoChange,Yes,NoChange,Yes,NoChange,Yes,Parallel,17,Yes,Parallel,Low,Yes,High,2,31750,NA Control Site,NA Control Site,"Some temporary changes to public parking associated with building construction since 2009, eventually removed by 2025"
control_id_114_5459,control_id_114,5459,Control,Yes,SPENCER STREET,NA,20251015,NA,NA,Control,20091012,Yes,NoChange,Yes,NoChange,Yes,NoChange,Yes,NoChange,Yes,NoChange,Yes,Parallel,14,Yes,Parallel,Low,Yes,High,2,32740,NA Control Site,NA Control Site,"Some temporary changes to public parking associated with building construction since 2009, eventually removed by 2025"
control_id_115_3791,control_id_115,3791,Control,Yes,WELLINGTON PARADE,NA,20250526,20150913,20151214,Control,20151214,Yes,NA,Yes,NA,Yes,NA,No,NA,Yes,NA,Yes,Parallel,9,Yes,Mixed,High,No,None,2,7950,NA Control Site,NA Control Site,2 tram stations are added. number of lanes reported are excluding tramway in all polygons
control_id_115_3792,control_id_115,3792,Control,Yes,WELLINGTON PARADE,NA,20250526,20200907,20210122,Control,20210122,Yes,NA,Yes,NA,Yes,NA,No,NA,Yes,NA,Yes,Parallel,24,Yes,Mixed,High,No,None,4,3910,NA Control Site,NA Control Site,Tramway upgrade near tram station
control_id_115_3794,control_id_115,3794,Control,Yes,WELLINGTON PARADE,NA,20250526,20200907,20210122,Control,20210122,Yes,NA,Yes,NA,Yes,NA,No,NA,Yes,NA,Yes,Parallel,19,Yes,Mixed,Medium,No,None,5,935,NA Control Site,NA Control Site,Tramway upgrade
control_id_116_10229,control_id_116,10229,Control,Yes,VICTORIA STREET,NA,20251015,NA,NA,Control,20201108,Yes,NA,Yes,NA,Yes,NA,Yes,NA,No,NA,Yes,Parallel,38,Yes,Mixed,High,Yes,Low,2,3030,NA Control Site,NA Control Site,"Parking - small parkign areas
NoChangeSince - carparks removed"
control_id_116_10230,control_id_116,10230,Control,Yes,VICTORIA STREET,NA,20251015,NA,NA,Control,20201108,Yes,NA,Yes,NA,Yes,NA,Yes,NA,Yes,NA,Yes,Parallel,41,Yes,High,High,No,None,2,4220,NA Control Site,NA Control Site,NoChangeSince - carparks removed
control_id_117_12033,control_id_117,12033,Control,Yes,BEAUMORIS CONCOURSE,NA,20251212,20190911,20200128,Control,20200128,Yes,NA,Yes,NA,Yes,NA,Yes,NA,Yes,NA,Yes,Mixed,232,Yes,Parallel,Medium,Yes,Medium,1,1760,NA Control site,NA Control Site,"Streetscape upgrades between September 2019 and January 2020. A strip of 90 degree parking was changed to angled in September 2019. https://yoursay.bayside.vic.gov.au/beaumaris-concourse-masterplan
Counted street parking on North, South and East Concourse, 1 car park was originally available then removed (yellow line markings)"
control_id_118_12034,control_id_118,12034,Control,Yes,STATION ROAD,NA,20251212,20200428,20200906,Control,20200906,Yes,NoChange,Yes,NoChange,Yes,NoChange,Yes,NoChange,No,NoChange,Yes,Mixed,70,Yes,Mixed,Medium,Yes,Medium,2,790,NA Control Site,NA Control Site,Level crossing removal in 2020. Didn’t really affect the site that much.
control_id_119_12032,control_id_119,12032,Control,Yes,SOUTH PARADE,NA,20251015,20160205,20170831,Control,20171123,Yes,NoChange,Yes,NoChange,Yes,NoChange,Yes,NoChange,Yes,NoChange,Yes,Mixed,80,Yes,Parallel,High,Yes,Medium,2,1680,NA Control Site,NA Control Site,Level crossing removal completed in 2017. Actual removal between 20161223 and 20170207. But surrounding disruption happened for a longer period
control_id_12_2921,control_id_12,2921,Control,Yes,MALVERN ROAD,NA,20151015,NA,NA,Control,20091012,Yes,NA,Yes,NA,Yes,NA,No,NA,Yes,NA,Yes,Parallel,64,Yes,Mixed,High,Yes,Low,4,3130,NA Control Site,NA Control Site,
control_id_12_2922,control_id_12,2922,Control,Yes,MALVERN ROAD,NA,20151015,NA,NA,Control,20091012,Yes,NA,Yes,NA,Yes,NA,No,NA,Yes,NA,Yes,Parallel,52,Yes,Mixed,High,Yes,Low,4,2880,NA Control Site,NA Control Site,
control_id_120_12035,control_id_120,12035,Control,Yes,MAIN STREET,NA,20251212,NA,NA,Control,20201212,Yes,NA,Yes,NA,Yes,NA,Yes,NA,No,NA,Yes,Parallel,47,Yes,Parallel,Low,Yes,Low,2,840,NA Control Site,NA Control Site,"Parking - low density shop parking and for community hall on N side of tracks
NoChangeSince - parklet on southern end which removed parking "
control_id_121_3875,control_id_121,3875,Control,Yes,QUEEN STREET,NA,20251015,NA,NA,Control,20091012,Yes,NoChange,Yes,NoChange,Yes,NoChange,Yes,NoChange,Yes,NoChange,Yes,Mixed,50,Yes,Parallel,Low,Yes,High,4,14350,NA Control Site,NA Control Site,"Some temporary changes to public parking associated with building construction since 2017, eventually removed by 2025"
control_id_121_3876,control_id_121,3876,Control,Yes,QUEEN STREET,NA,20251015,NA,NA,Control,20091012,Yes,NoChange,Yes,NoChange,Yes,NoChange,Yes,NoChange,Yes,NoChange,Yes,Mixed,72,Yes,Parallel,Low,Yes,High,4,17620,NA Control Site,NA Control Site,"Some temporary changes to public parking associated with building construction since 2017, eventually removed by 2025"
control_id_122_3877,control_id_122,3877,Control,Yes,QUEEN STREET,NA,20251015,NA,NA,Control,20091012,Yes,NoChange,Yes,NoChange,Yes,NoChange,No,NoChange,Yes,NoChange,Yes,Mixed,51,Yes,Parallel,Low,Yes,High,4,11760,NA Control Site,NA Control Site,Some changes to motorcycle parking since 2009 but excluded from assessment
control_id_123_12031,control_id_123,12031,Control,Yes,BRICE AVE,NA,20251015,20200907,20220628,Control,20220628,Yes,NoChange,Yes,NoChange,Yes,NoChange,Yes,NoChange,Yes,NoChange,Yes,Mixed,56,Yes,Mixed,High,Yes,High,2,2310,NA Control Site,NA Control Site,Mooroolbark level crossing removal and station/parking upgrade in 2022
control_id_124_12029,control_id_124,12029,Control,Yes,BONWICK STREET,NA,20251015,NA,NA,Control,20200130,Yes,NA,Yes,NA,Yes,NA,No,NA,No,NA,Yes,Mixed,49,Yes,Mixed,High,Yes,Medium,2,930,NA Control Site,NA Control Site,"Parking - offstreet available for shops
NoChangeSince - Bonwick St revitalisation"
control_id_126_12030,control_id_126,12030,Control,Yes,ABERDEEN RD,NA,20251015,NA,NA,Control,20220920,Yes,NA,Yes,NA,Yes,NA,Yes,NA,Yes,NA,Yes,Mixed,72,Yes,Parallel,Medium,Yes,High,2,1260,NA Control site,NA Control Site,Sep 20 2022: Added 3 pedestrian crossings and removed (added X markings) 3 parking spots
control_id_127_5191,control_id_127,5191,Control,Yes,RUSSELL STREET,NA,20251015,NA,NA,Control,20141021,Yes,NA,Yes,NA,Yes,NA,No,NA,Yes,NA,Yes,Mixed,33,Yes,Parallel,Low,Yes,High,4,15800,NA Control Site,NA Control Site,
control_id_128_5192,control_id_128,5192,Control,Yes,RUSSELL STREET,NA,20251015,NA,NA,Control,20091012,Yes,NoChange,Yes,NoChange,Yes,NoChange,Yes,NoChange,Yes,NoChange,Yes,Mixed,93,Yes,Parallel,Low,Yes,High,4,29270,NA Control Site,NA Control Site,Parklets installed in 2020 removing some parking. Parking outside Hyde (SB) excluded as assumed to be loading/permit zone.
control_id_129_5193,control_id_129,5193,Control,Yes,RUSSELL STREET,NA,20251015,NA,NA,Control,20091012,Yes,NoChange,Yes,NoChange,Yes,NoChange,Yes,NoChange,Yes,NoChange,Yes,Mixed,27,Yes,Parallel,Low,Yes,High,4,19440,NA Control Site,NA Control Site,"Taxi and loading zone parking returned to public parking in 2021-2024 according to Google Street View, unclear when exactly on aerial. 23 parking spots prior to ~2021"
control_id_13_3275,control_id_13,3275,Control,Yes,CHAPEL STREET,NA,20251015,NA,NA,Control,20091012,Yes,NA,Yes,NA,Yes,NA,Yes,NA,Yes,NA,Yes,Parallel,149,Yes,Parallel,High,Yes,High,2,12910,NA Control Site,NA Control Site,
control_id_13_3276,control_id_13,3276,Control,Yes,CHAPEL STREET,NA,20251015,NA,NA,Control,20141129,Yes,NA,Yes,NA,Yes,NA,Yes,NA,No,NA,Yes,Parallel,67,Yes,Parallel,High,Yes,High,2,13210,NA Control Site,NA Control Site,Major tower/mall development built 2011 + SB bike lane Alexandra Pde to Toorak Road installed end of 2014
control_id_130_1043,control_id_130,1043,Control,Yes,PAKINGTON STREET,NA,20251029,NA,NA,Control,20091012,Yes,NA,Yes,NA,Yes,NA,No,NA,Yes,NA,Yes,Parallel,30,Yes,Parallel,High,Yes,Low,2,850,NA Control Site,NA Control Site,
control_id_130_1042,control_id_130,1042,Control,Yes,PAKINGTON STREET,NA,20251029,NA,NA,Control,20091012,Yes,NA,Yes,NA,Yes,NA,No,NA,Yes,NA,Yes,Parallel,23,Yes,Parallel,High,Yes,Low,2,1740,NA Control Site,NA Control Site,
control_id_131_3372,control_id_131,3372,Control,Yes,HIGH STREET,NA,20251029,20250416,20250810,Control,20250810,Yes,NA,Yes,NA,Yes,NA,Yes,NA,Yes,NA,Yes,Parallel,65,Yes,Parallel,High,Yes,High,2,1220,NA Control Site,NA Control Site,Aug 10 2025: Added 2 raised pedestrian crossing + road markings
control_id_132_1041,control_id_132,1041,Control,Yes,PAKINGTON STREET,NA,20251029,NA,NA,Control,20190820,Yes,NA,Yes,NA,Yes,NA,No,NA,Yes,NA,Yes,Parallel,62,Yes,Parallel,High,Yes,Medium,2,2140,NA Control Site,NA Control Site,"Apr 20 2019: Added raised pedestrian crossing + road markings, construction that closed off 3 parking spots temporarily (opened back in Aug 30 2019)"
control_id_14_3271,control_id_14,3271,Control,Yes,CHAPEL STREET,NA,20251015,NA,NA,Control,20091012,Yes,NA,Yes,NA,Yes,NA,Yes,NA,Yes,NA,Yes,Parallel,46,Yes,Parallel,Medium,Yes,Medium,2,14390,NA Control Site,NA Control Site,
control_id_14_3272,control_id_14,3272,Control,Yes,CHAPEL STREET,NA,20251015,NA,NA,Control,20091012,Yes,NA,Yes,NA,Yes,NA,Yes,NA,Yes,NA,Yes,Parallel,2,Yes,Parallel,Low,No,None,2,15300,NA Control Site,NA Control Site,
control_id_14_3273,control_id_14,3273,Control,Yes,CHAPEL STREET,NA,20251015,NA,NA,Control,20091012,Yes,NA,Yes,NA,Yes,NA,No,NA,No,NA,Yes,Parallel,4,Yes,Parallel,Medium,No,None,2,15580,NA Control Site,NA Control Site,
control_id_14_3274,control_id_14,3274,Control,Yes,CHAPEL STREET,NA,20251015,NA,NA,Control,20091012,Yes,NA,Yes,NA,Yes,NA,No,NA,No,NA,Yes,Parallel,51,Yes,Mixed,Medium,Yes,High,2,14570,NA Control Site,NA Control Site,Offstreet undercover parking at Prahran Square added around 2012
control_id_15_10795,control_id_15,10795,Control,Yes,SWAN STREET,NA,20251015,NA,NA,Control,20190831,Yes,NA,Yes,NA,Yes,NA,No,NA,Yes,NA,Yes,Parallel,68,Yes,Mixed,High,Yes,Medium,4,8070,NA Control site,NA Control Site,
control_id_16_10796,control_id_16,10796,Control,Yes,SWAN STREET,NA,20251015,NA,NA,Control,20091012,Yes,NA,Yes,NA,Yes,NA,No,NA,Yes,NA,Yes,Parallel,129,Yes,Parallel,Medium,No,Low,4,3525,NA Control site,NA Control Site,
control_id_17_1758,control_id_17,1758,Control,Yes,BRIDGE ROAD,NA,20251015,NA,NA,Control,20091012,Yes,NA,Yes,NA,Yes,NA,Yes,NA,Yes,NA,Yes,Parallel,144,Yes,Mixed,High,No,None,4,6310,NA Control Site,NA Control Site,No Change since 12102009 - Richmond High School used to be used as a parking paddock until Jan 2011
control_id_18_1757,control_id_18,1757,Control,Yes,BRIDGE ROAD,NA,20251015,NA,NA,Control,20130405,Yes,NA,Yes,NA,Yes,NA,No,NA,Yes,NA,Yes,Parallel,131,Yes,Mixed,High,Yes,Medium,2,4940,NA Control Site,NA Control Site,2x raised tram stops installed in 2013
control_id_19_2768,control_id_19,2768,Control,Yes,JOHNSTON STREET,NA,20251015,NA,NA,Control,20190111,Yes,NA,Yes,NA,Yes,NA,Yes,NA,Yes,NA,Yes,Parallel,34,Yes,Parallel,High,Yes,Low,3,3460,NA Control Site,NA Control Site,"20190111 - by this date, additional landscaping efforts have been completed to add trees (such as native frangipanis) and remove some specific trees"
control_id_2_11902,control_id_2,11902,Control,Yes,LYGON STREET,NA,20251015,NA,NA,Control,20170917,Yes,NA,Yes,NA,Yes,NA,No,NA,No,NA,Yes,Parallel,101,Yes,Mixed,High,Yes,Low,2,2910,NA Control Site,NA Control Site,Current bike lanes in both dir between Brunswick St to Weston St installed from 2017.  Temporary parklets in SB installed 2021 and returned to parking in 2024.
control_id_20_2516,control_id_20,2516,Control,Yes,BRUNSWICK STREET,NA,20251015,NA,NA,Control,20160320,Yes,NA,Yes,NA,Yes,NA,Yes,NA,Yes,NA,Yes,Parallel,180,Yes,Mixed,High,No,None,2,4350,NA Control Site,NA Control Site,No Change since 20032016 - Additional seperation between cars and traffic lane NB
control_id_21_2515,control_id_21,2515,Control,Yes,BRUNSWICK STREET,NA,20251015,NA,NA,Control,20091012,Yes,NA,Yes,NA,Yes,NA,No,NA,No,NA,Yes,Parallel,103,Yes,Mixed,High,Yes,Low,2,4510,NA Control Site,NA Control Site,
control_id_22_2770,control_id_22,2770,Control,Yes,JOHNSTON STREET,NA,20251015,NA,NA,Control,20091012,Yes,NA,Yes,NA,Yes,NA,No,NA,No,NA,Yes,Parallel,68,Yes,Mixed,Medium,Yes,Low,2,3160,NA Control Site,NA Control Site,
control_id_22_2771,control_id_22,2771,Control,Yes,JOHNSTON STREET,NA,20251015,NA,NA,Control,20091012,Yes,NA,Yes,NA,Yes,NA,No,NA,No,NA,Yes,Parallel,26,Yes,Mixed,Medium,No,None,2,1510,NA Control Site,NA Control Site,
control_id_23_2769,control_id_23,2769,Control,Yes,JOHNSTON STREET,NA,20251015,NA,NA,Control,20190111,Yes,NA,Yes,NA,Yes,NA,Yes,NA,Yes,NA,Yes,Parallel,86,Yes,Parallel,Medium,Yes,Low,3,2010,NA Control Site,NA Control Site,"20190111 - by this date, additional landscaping efforts have been completed to add trees (such as native frangipanis) and remove some specific trees"
control_id_24_3418,control_id_24,3418,Control,Yes,HIGH STREET,NA,20251015,NA,NA,Control,20171010,Yes,Increase,Yes,NA,Yes,NA,Yes,NA,Yes,NA,Yes,Parallel,39,Yes,Parallel,Medium,Yes,Medium,2,2550,NA Control Site,NA Control Site,20171010 - date by which all streetscapes/bike lanes were completed
control_id_24_3417,control_id_24,3417,Control,Yes,HIGH STREET,NA,20251015,NA,NA,Control,20171010,Yes,Increase,Yes,NA,Yes,NA,Yes,NA,Yes,NA,Yes,Parallel,11,Yes,Parallel,Medium,Yes,Low,2,2550,NA Control Site,NA Control Site,20171010 - date by which all streetscapes/bike lanes were completed
control_id_24_3416,control_id_24,3416,Control,Yes,HIGH STREET,NA,20251015,NA,NA,Control,20171010,Yes,Increase,Yes,NA,Yes,NA,Yes,NA,Yes,NA,Yes,Parallel,29,Yes,Parallel,High,Yes,Low,2,2110,NA Control Site,NA Control Site,20171010 - date by which all streetscapes/bike lanes were completed
control_id_25_11885,control_id_25,11885,Control,Yes,HALL STREET,NA,20251015,NA,NA,Control,20091012,Yes,NA,Yes,NA,Yes,NA,No,NA,Yes,NA,Yes,Parallel,71,Yes,Parallel,High,Yes,Low,2,950,NA Control Site,NA Control Site,
control_id_25_11888,control_id_25,11888,Control,Yes,HALL STREET,NA,20251015,NA,NA,Control,20091012,Yes,NA,Yes,NA,Yes,NA,No,NA,Yes,NA,Yes,Mixed,41,Yes,Mixed,Medium,Yes,Medium,2,1620,NA Control Site,NA Control Site,
control_id_26_6414,control_id_26,6414,Control,Yes,WAVERLEY ROAD,NA,20251004,NA,NA,Control,20091012,Yes,NoChange,Yes,NoChange,Yes,NoChange,No,NoChange,No,NoChange,Yes,Parallel,5,Yes,Parallel,Low,Yes,Low,4,1300,NA Control Site,NA Control Site,
control_id_27_1398,control_id_27,1398,Control,Yes,NEERIM ROAD,NA,20251004,NA,NA,Control,20190114,Yes,NA,Yes,NA,Yes,NA,Yes,NA,Yes,NA,Yes,Parallel,37,Yes,Parallel,High,Yes,Low,2,1420,NA Control Site,NA Control Site,"Parking - offstreet available at station
NoChangeSince - post Level crossing works"
control_id_28_2937,control_id_28,2937,Control,Yes,MALVERN ROAD,NA,20251015,NA,NA,Control,20091012,Yes,NoChange,Yes,NoChange,Yes,NoChange,No,NoChange,No,NoChange,Yes,Parallel,18,Yes,Parallel,Low,Yes,Low,2,330,NA Control Site,NA Control Site,
control_id_29_6411,control_id_29,6411,Control,Yes,WAVERLEY ROAD,NA,20251004,NA,NA,Control,20091012,Yes,NoChange,Yes,NoChange,Yes,NoChange,No,NoChange,No,NoChange,Yes,Parallel,47,Yes,Parallel,Medium,No,None,2,1890,NA Control Site,NA Control Site,
control_id_3_3420,control_id_3,3420,Control,Yes,HIGH STREET,NA,20251015,NA,NA,Control,20091012,Yes,NA,Yes,NA,Yes,NA,No,NA,Yes,NA,Yes,Parallel,91,Yes,Mixed,High,No,None,2,3060,NA Control Site,NA Control Site,
control_id_3_3421,control_id_3,3421,Control,Yes,HIGH STREET,NA,20251015,NA,NA,Control,20091012,Yes,NA,Yes,NA,Yes,NA,Yes,NA,Yes,NA,Yes,Parallel,54,Yes,Parallel,High,Yes,High,2,3890,NA Control Site,NA Control Site,
control_id_3_3422,control_id_3,3422,Control,Yes,HIGH STREET,NA,20251015,NA,NA,Control,20091012,Yes,NA,Yes,NA,Yes,NA,No,NA,No,NA,Yes,Parallel,65,Yes,Parallel,High,No,None,2,2140,NA Control Site,NA Control Site,
control_id_30_6412,control_id_30,6412,Control,Yes,WAVERLEY ROAD,NA,20251004,NA,NA,Control,20091012,Yes,NoChange,Yes,NoChange,Yes,NoChange,No,NoChange,No,NoChange,Yes,Parallel,179,Yes,Parallel,Medium,No,None,2,1470,NA Control Site,NA Control Site,
control_id_31_3894,control_id_31,3894,Control,Yes,DERBY ROAD,NA,20251004,NA,NA,Control,20091012,Yes,NoChange,Yes,NoChange,Yes,NoChange,No,NoChange,No,NoChange,Yes,Angled,33,Yes,Parallel,Low,Yes,Medium,2,1930,NA Control Site,NA Control Site,
control_id_33_2465,control_id_33,2465,Control,Yes,NEPEAN HIGHWAY,NA,20251004,NA,NA,Control,20091012,Yes,NoChange,Yes,NoChange,Yes,NoChange,No,NoChange,No,NoChange,Yes,Parallel,28,Yes,Mixed,High,Yes,Medium,4,330,NA Control Site,NA Control Site,Note overlapping polygons merged together
control_id_34_2464,control_id_34,2464,Control,Yes,NEPEAN HIGHWAY,NA,20251004,NA,NA,Control,20220720,Yes,NoChange,Yes,NoChange,Yes,NoChange,Yes,NoChange,No,NoChange,Yes,Parallel,69,Yes,Parallel,Medium,No,None,4,1260,NA Control Site,NA Control Site,Level crossing removal installed 2022
control_id_35_2462,control_id_35,2462,Control,Yes,NEPEAN HIGHWAY,NA,20251212,NA,NA,Control,20220720,Yes,NoChange,Yes,NoChange,Yes,NoChange,Yes,NoChange,No,NoChange,Yes,Parallel,58,Yes,Parallel,Medium,Yes,High,4,2430,NA Control Site,NA Control Site,Level crossing removal installed 2022
control_id_36_2458,control_id_36,2458,Control,Yes,NEPEAN HIGHWAY,NA,20251004,NA,NA,Control,20201108,Yes,NoChange,Yes,NoChange,Yes,NoChange,Yes,NoChange,No,NoChange,Yes,Parallel,6,Yes,Mixed,Medium,Yes,Low,4,245,NA Control Site,NA Control Site,Level crossing/intersection and extension of McLeod Road completed 2020
control_id_37_8067,control_id_37,8067,Control,Yes,GLEN EIRA ROAD,NA,20251004,NA,NA,Control,20140803,Yes,NoChange,Yes,NoChange,Yes,NoChange,Yes,NoChange,Yes,NoChange,Yes,Parallel,39,Yes,Parallel,High,No,None,2,2150,NA Control Site,NA Control Site,Bike lanes installed 2014
control_id_38_8834,control_id_38,8834,Control,Yes,MELBOURNE ROAD,NA,20251015,NA,NA,Control,20240203,Yes,NA,Yes,NA,No,NA,No,NA,Yes,NA,No,Parallel,49,Yes,Parallel,Medium,No,None,2,495,NA Control Site,NA Control Site,Just counted the number of cars present in the paddock
control_id_38_8833,control_id_38,8833,Control,Yes,MELBOURNE ROAD,NA,20251015,NA,NA,Control,20091012,Yes,NA,Yes,NA,No,NA,No,NA,No,NA,No,None,0,Yes,Mixed,High,Yes,Medium,4,80,NA Control Site,NA Control Site,
control_id_39_1680,control_id_39,1680,Control,Yes,HUDSONS ROAD,NA,20251015,NA,NA,Control,20161008,Yes,NoChange,Yes,NoChange,Yes,NoChange,No,NoChange,No,NoChange,Yes,Parallel,28,Yes,Mixed,Medium,No,None,2,1640,NA Control Site,NA Control Site,"Mixed use development on EB side completed in 2016, adding parking bays"
control_id_4_3414,control_id_4,3414,Control,Yes,HIGH STREET,NA,20251015,NA,NA,Control,20091012,Yes,NA,Yes,NA,Yes,NA,No,NA,No,NA,Yes,Parallel,68,Yes,Mixed,High,Yes,Medium,2,3480,NA Control Site,NA Control Site,
control_id_4_3415,control_id_4,3415,Control,Yes,HIGH STREET,NA,20251015,NA,NA,Control,20091012,Yes,NA,Yes,NA,Yes,NA,No,NA,No,NA,Yes,Parallel,144,Yes,Mixed,High,Yes,Low,2,2680,NA Control Site,NA Control Site,
site_id_1_12016,site_id_1,12016,Intervention,Yes,Ballarat st (sth),,20201108,NA,NA,Pedestrianisation,,Yes,NA,Yes,NA,Yes,NA,No,NA,Yes,NA,Yes,Parallel,7,Yes,Parallel,Medium,Yes,Low,2,680,Baseline pedestrianisation,NA,
control_id_41_10642,control_id_41,10642,Control,Yes,NAPIER STREET,NA,20251015,NA,NA,Control,20210311,Yes,NoChange,Yes,NoChange,Yes,NoChange,Yes,NoChange,No,NoChange,Yes,Angled,56,Yes,Mixed,Medium,Yes,Low,2,1330,NA Control Site,NA Control Site,Parklets installed 2021-25 removing approx 5 parking bays
control_id_42_3343,control_id_42,3343,Control,Yes,WHEATSHEAF ROAD,NA,20251015,NA,NA,Control,20141021,Yes,NA,Yes,NA,Yes,NA,No,NA,No,NA,Yes,Parallel,68,Yes,Parallel,Medium,Yes,Low,2,635,NA Control Site,NA Control Site,"Parking - offstreet available at station and iga
NoChangeSince - date that parking reflects what is there current-day"
control_id_43_5829,control_id_43,5829,Control,Yes,TURNHAM AVENUE,NA,20251015,NA,NA,Control,20180823,Yes,NA,Yes,NA,Yes,NA,No,NA,No,NA,Yes,Parallel,13,Yes,Mixed,Medium,Yes,Medium,2,435,NA Control Site,NA Control Site,"Parking - offstreet available at station and lower plenty rd shops
NoChangeSince - post level crossing removal"
control_id_44_4611,control_id_44,4611,Control,Yes,WATSONIA ROAD,NA,20251015,20230425,20250811,Control,20250811,Yes,NoChange,Yes,NoChange,Yes,NoChange,Yes,NoChange,No,NoChange,Yes,Mixed,58,Yes,Parallel,Medium,Yes,Medium,2,1280,NA Control Site,NA Control Site,Parking changes after Morwell Ave intersection upgrade in late 2025. Ongoing disruption in buffer and offstreet parking due to NEL project from April 2023.
control_id_44_4612,control_id_44,4612,Control,Yes,WATSONIA ROAD,NA,20250811,20230425,20250811,Control,20250811,Yes,NoChange,Yes,NoChange,Yes,NoChange,Yes,NoChange,No,NoChange,Yes,Mixed,54,Yes,Parallel,Medium,Yes,Low,2,1375,NA Control Site,NA Control Site,Parking changes after Morwell Ave intersection upgrade in late 2025. Ongoing disruption in buffer and offstreet parking due to NEL project from April 2023.
control_id_45_10148,control_id_45,10148,Control,Yes,GRIMSHAW STREET,NA,20251015,NA,NA,Control,20121023,Yes,NoChange,Yes,NoChange,Yes,NoChange,No,NoChange,No,NoChange,Yes,Parallel,4,Yes,Parallel,Low,Yes,High,4,2570,NA Control Site,NA Control Site,WaterMarc leisure centre and Main Street pedestrianisation completed 2012
control_id_45_5483,control_id_45,5483,Control,Yes,MAIN STREET,NA,20251015,NA,NA,Control,20121023,Yes,NoChange,Yes,NoChange,Yes,NoChange,Yes,NoChange,Yes,NoChange,Yes,Mixed,41,Yes,Parallel,Low,Yes,High,2,2730,NA Control Site,NA Control Site,WaterMarc leisure centre and Main Street pedestrianisation completed 2012
control_id_45_5484,control_id_45,5484,Control,Yes,MAIN STREET,NA,20251015,NA,NA,Control,20121023,Yes,NoChange,Yes,NoChange,Yes,NoChange,No,NoChange,No,NoChange,Yes,Parallel,4,Yes,Parallel,Low,Yes,Medium,4,2220,NA Control Site,NA Control Site,WaterMarc leisure centre and Main Street pedestrianisation completed 2012
control_id_47_3393,control_id_47,3393,Control,Yes,HIGH STREET,NA,20251015,NA,NA,Control,20091012,Yes,NA,Yes,NA,Yes,NA,No,NA,No,NA,Yes,Parallel,62,Yes,Mixed,Medium,Yes,Low,2,2710,NA Control Site,NA Control Site,No visible changes from baseline to current
control_id_47_3394,control_id_47,3394,Control,Yes,HIGH STREET,NA,20251015,NA,NA,Control,20091012,Yes,NA,Yes,NA,Yes,NA,No,NA,No,NA,Yes,Parallel,105,Yes,Mixed,Medium,Yes,Low,2,2240,NA Control Site,NA Control Site,No visible changes from baseline to current
control_id_48_4580,control_id_48,4580,Control,Yes,GLENFERRIE ROAD,NA,20250201,NA,NA,Control,20091012,No,NA,Yes,NA,Yes,NA,No,NA,Yes,NA,Yes,Parallel,29,Yes,Parallel,Medium,Yes,Low,2,2280,NA Control Site,NA Control Site,
control_id_48_4579,control_id_48,4579,Control,Yes,GLENFERRIE ROAD,NA,20250201,NA,NA,Control,20091012,Yes,NA,Yes,NA,Yes,NA,No,NA,Yes,NA,Yes,Parallel,47,Yes,Mixed,High,Yes,High,2,3240,NA Control Site,NA Control Site,
control_id_48_4578,control_id_48,4578,Control,Yes,GLENFERRIE ROAD,NA,20250201,NA,NA,Control,20091012,Yes,NA,Yes,NA,Yes,NA,No,NA,Yes,NA,Yes,Parallel,66,Yes,Parallel,High,Yes,High,2,4970,NA Control Site,NA Control Site,
control_id_48_4577,control_id_48,4577,Control,Yes,GLENFERRIE ROAD,NA,20250201,NA,NA,Control,20091012,Yes,NA,Yes,NA,Yes,NA,No,NA,Yes,NA,Yes,Parallel,28,Yes,Parallel,Medium,Yes,Medium,2,4080,NA Control Site,NA Control Site,
control_id_48_4576,control_id_48,4576,Control,Yes,GLENFERRIE ROAD,NA,20250201,NA,NA,Control,20091012,Yes,NA,Yes,NA,Yes,NA,No,NA,Yes,NA,Yes,Parallel,29,Yes,Parallel,High,Yes,High,2,3710,NA Control Site,NA Control Site,
control_id_49_11119,control_id_49,11119,Control,Yes,TOORAK ROAD,NA,20251015,NA,NA,Control,20211027,Yes,NA,Yes,NA,Yes,NA,No,NA,Yes,NA,Yes,Parallel,43,Yes,Parallel,High,Yes,Medium,2,2920,NA Control Site,NA Control Site,"Parking - Wilsons carpark is half-half in 11119 and 11120. Classify as Medium for both
NoChangeSince - parking spot removed on Toorak Rd"
control_id_49_11120,control_id_49,11120,Control,Yes,TOORAK ROAD,NA,20251015,NA,NA,Control,20211027,Yes,NA,Yes,NA,Yes,NA,Yes,NA,Yes,NA,Yes,Parallel,41,Yes,Mixed,High,Yes,Medium,2,1860,NA Control Site,NA Control Site,"Parking - Wilsons carpark is half-half in 11119 and 11120. Classify as Medium for both
NoChangeSince - parking spot removed on Toorak Rd"
control_id_5_3413,control_id_5,3413,Control,Yes,HIGH STREET,NA,20251015,NA,NA,Control,20091012,Yes,NA,Yes,NA,Yes,NA,No,NA,No,NA,Yes,Parallel,133,Yes,Parallel,High,Yes,Medium,2,4210,NA Control Site,NA Control Site,
control_id_5_3412,control_id_5,3412,Control,Yes,HIGH STREET,NA,20251015,NA,NA,Control,20120117,Yes,NA,Yes,NA,Yes,NA,Yes,NA,Yes,NA,Yes,Parallel,125,Yes,Parallel,High,Yes,Medium,2,4970,NA Control Site,NA Control Site,2x raised tram stops installed in 2012 south of Separation St
control_id_50_4563,control_id_50,4563,Control,Yes,GLENFERRIE ROAD,NA,20250803,,,Control,20091012,Yes,NA,Yes,NA,Yes,NA,No,NA,Yes,NA,Yes,Parallel,76,Yes,Parallel,High,No,None,2,4140,NA Control Site,NA Control Site,
control_id_50_4564,control_id_50,4564,Control,Yes,GLENFERRIE ROAD,NA,20250803,,,Control,20201108,Yes,NA,Yes,NA,Yes,NA,No,NA,Yes,NA,Yes,Parallel,10,Yes,Parallel,Medium,Yes,Low,2,6510,NA Control Site,NA Control Site,
control_id_50_4565,control_id_50,4565,Control,Yes,GLENFERRIE ROAD,NA,20250803,,,Control,20091012,Yes,NA,Yes,NA,Yes,NA,No,NA,Yes,NA,Yes,Parallel,57,Yes,Parallel,High,Yes,High,2,8480,NA Control Site,NA Control Site,
control_id_50_4566,control_id_50,4566,Control,Yes,GLENFERRIE ROAD,NA,20250803,,,Control,20091012,No,NA,Yes,NA,Yes,NA,No,NA,Yes,NA,Yes,Parallel,13,Yes,Parallel,High,Yes,Medium,2,7910,NA Control Site,NA Control Site,A couple of plants can be found on footpath
control_id_50_4567,control_id_50,4567,Control,Yes,GLENFERRIE ROAD,NA,20250803,,,Control,20091012,No,NA,Yes,NA,Yes,NA,No,NA,Yes,NA,Yes,Parallel,33,Yes,Parallel,Medium,Yes,High,2,3870,NA Control Site,NA Control Site,4 parking spots are currently not in use due to a construction site
control_id_51_4904,control_id_51,4904,Control,Yes,BURWOOD ROAD,NA,20251015,NA,NA,Control,20091012,Yes,NoChange,Yes,NoChange,Yes,NoChange,No,NoChange,No,NoChange,Yes,Parallel,42,Yes,Parallel,Medium,No,None,2,1620,NA Control Site,NA Control Site,
control_id_51_4905,control_id_51,4905,Control,Yes,BURWOOD ROAD,NA,20251015,NA,NA,Control,20091012,Yes,NoChange,Yes,NoChange,Yes,NoChange,No,NoChange,No,NoChange,Yes,Parallel,53,Yes,Parallel,Medium,Yes,Low,2,2290,NA Control Site,NA Control Site,
control_id_52_5677,control_id_52,5677,Control,Yes,AUBURN ROAD,NA,20251015,NA,NA,Control,20091012,Yes,NoChange,Yes,NoChange,Yes,NoChange,Yes,NoChange,Yes,NoChange,Yes,Parallel,32,Yes,Parallel,High,Yes,Medium,2,1250,NA Control Site,NA Control Site,entrance to offstreet parking on the left of the site
control_id_52_5678,control_id_52,5678,Control,Yes,AUBURN ROAD,NA,20251015,NA,NA,Control,20091012,Yes,NoChange,Yes,NoChange,Yes,NoChange,Yes,NoChange,No,NoChange,Yes,Parallel,20,Yes,Parallel,High,No,None,2,910,NA Control Site,NA Control Site,
control_id_53_3451,control_id_53,3451,Control,Yes,HIGH STREET,NA,20251015,NA,NA,Control,20091012,Yes,NoChange,Yes,NoChange,Yes,NoChange,No,NoChange,Yes,NoChange,Yes,Parallel,10,Yes,Parallel,Medium,Yes,Medium,2,2120,NA Control Site,NA Control Site,
control_id_53_3452,control_id_53,3452,Control,Yes,HIGH STREET,NA,20251015,NA,NA,Control,20091012,Yes,NoChange,Yes,NoChange,Yes,NoChange,Yes,NoChange,Yes,NoChange,Yes,Parallel,81,Yes,Parallel,Medium,Yes,Medium,2,2520,NA Control Site,NA Control Site,
control_id_53_3453,control_id_53,3453,Control,Yes,HIGH STREET,NA,20251015,NA,NA,Control,20091012,Yes,NoChange,Yes,NoChange,Yes,NoChange,No,NoChange,No,NoChange,Yes,Parallel,30,Yes,Parallel,Medium,Yes,Medium,2,2160,NA Control Site,NA Control Site,offstreet and buffer parking impacted by Kew Recreation Centre under construction currently since 2020
control_id_54_224,control_id_54,224,Control,Yes,VICTORIA AVENUE,NA,20251015,NA,NA,Control,20091012,Yes,NoChange,Yes,NoChange,Yes,NoChange,Yes,NoChange,Yes,NoChange,Yes,Parallel,74,Yes,Mixed,High,No,None,2,1550,NA Control Site,NA Control Site,Minor parking removal buffer onstreet parking from parklets
control_id_55_4480,control_id_55,4480,Control,Yes,CROCKFORD STREET,NA,20251015,NA,NA,Control,20091012,Yes,NoChange,Yes,NoChange,Yes,NoChange,No,NoChange,No,NoChange,Yes,Parallel,26,Yes,Angled,High,No,None,4,3190,NA Control Site,NA Control Site,
control_id_55_3632,control_id_55,3632,Control,Yes,BAY STREET,NA,20251015,NA,NA,Control,20091012,Yes,NoChange,Yes,NoChange,Yes,NoChange,No,NoChange,No,NoChange,Yes,Parallel,49,Yes,Mixed,High,No,None,4,4320,NA Control Site,NA Control Site,
control_id_55_3631,control_id_55,3631,Control,Yes,BAY STREET,NA,20251015,NA,NA,Control,20091012,Yes,NoChange,Yes,NoChange,Yes,NoChange,Yes,NoChange,No,NoChange,Yes,Parallel,80,Yes,Mixed,High,Yes,Medium,4,5400,NA Control Site,NA Control Site,
control_id_55_3630,control_id_55,3630,Control,Yes,BAY STREET,NA,20251015,NA,NA,Control,20091012,Yes,NoChange,Yes,NoChange,Yes,NoChange,No,NoChange,No,NoChange,Yes,Parallel,74,Yes,Mixed,High,No,None,4,5490,NA Control Site,NA Control Site,
control_id_55_6613,control_id_55,6613,Control,Yes,BEACH STREET,NA,20251015,NA,NA,Control,20140803,Yes,NoChange,Yes,NoChange,Yes,NoChange,No,NoChange,Yes,NoChange,Yes,Parallel,70,Yes,Angled,High,No,None,4,1965,NA Control Site,NA Control Site,Bus stop WB installed in 2014 removing parking - included beachstreet facing parking
control_id_56_8092,control_id_56,8092,Control,Yes,CLARENDON STREET,NA,20251015,NA,NA,Control,20091012,No,NoChange,Yes,NoChange,Yes,NoChange,No,NoChange,Yes,NoChange,Yes,Parallel,56,Yes,Mixed,High,No,None,2,4210,NA Control Site,NA Control Site,
control_id_57_2931,control_id_57,2931,Control,Yes,MALVERN ROAD,NA,20251015,NA,NA,Control,20091012,Yes,NoChange,Yes,NoChange,Yes,NoChange,No,NoChange,No,NoChange,Yes,Parallel,107,Yes,Parallel,High,No,None,2,770,NA Control Site,NA Control Site,
control_id_57_2932,control_id_57,2932,Control,Yes,MALVERN ROAD,NA,20251015,NA,NA,Control,20091012,Yes,NoChange,Yes,NoChange,Yes,NoChange,No,NoChange,No,NoChange,Yes,Parallel,56,Yes,Parallel,High,No,None,2,2060,NA Control Site,NA Control Site,
control_id_58_9715,control_id_58,9715,Control,Yes,BURKE ROAD,NA,20251015,NA,NA,Control,20091012,Yes,NoChange,Yes,NoChange,Yes,NoChange,No,NoChange,No,NoChange,Yes,Parallel,32,Yes,Parallel,Medium,No,None,2,2390,NA Control Site,NA Control Site,
control_id_58_9716,control_id_58,9716,Control,Yes,BURKE ROAD,NA,20251015,NA,NA,Control,20091012,Yes,NoChange,Yes,NoChange,Yes,NoChange,Yes,NoChange,No,NoChange,Yes,Parallel,7,Yes,Parallel,Medium,No,None,2,2510,NA Control Site,NA Control Site,
control_id_58_9717,control_id_58,9717,Control,Yes,BURKE ROAD,NA,20251015,NA,NA,Control,20091012,Yes,NoChange,Yes,NoChange,Yes,NoChange,Yes,NoChange,Yes,NoChange,Yes,Parallel,46,Yes,Parallel,Medium,Yes,Low,2,3850,NA Control Site,NA Control Site,
control_id_58_9718,control_id_58,9718,Control,Yes,BURKE ROAD,NA,20251015,NA,NA,Control,20091012,Yes,NoChange,Yes,NoChange,Yes,NoChange,Yes,NoChange,Yes,NoChange,Yes,Parallel,64,Yes,Parallel,High,Yes,High,2,5220,NA Control Site,NA Control Site,
control_id_59_7063,control_id_59,7063,Control,Yes,BELMORE ROAD,NA,20251015,NA,NA,Control,20250803,Yes,NA,Yes,NA,Yes,NA,No,NA,Yes,NA,Yes,Mixed,37,Yes,Parallel,Medium,Yes,Medium,4,530,NA Control Site,NA Control Site,"EB on-street mixed parking (parallel + angled) converted to fully parallel, more trees planted on residential premises"
control_id_6_11281,control_id_6,11281,Control,Yes,PLENTY ROAD,NA,20151015,NA,NA,Control,20211031,Yes,NA,Yes,NA,Yes,NA,No,NA,Yes,NA,Yes,Parallel,76,Yes,Mixed,High,Yes,Medium,2,1590,NA Control Site,NA Control Site,Small parking lot removed in October 2021
control_id_60_2614,control_id_60,2614,Control,Yes,GLEN HUNTLY ROAD,NA,20251212,,,Control,20091012,Yes,NA,Yes,NA,Yes,NA,No,NA,Yes,NA,Yes,Parallel,28,Yes,Mixed,High,Yes,Low,2,3360,NA Control Site,NA Control Site,
control_id_60_2615,control_id_60,2615,Control,Yes,GLEN HUNTLY ROAD,NA,20251212,,,Control,20091012,No,NA,Yes,NA,Yes,NA,Yes,NA,Yes,NA,Yes,Parallel,19,Yes,Mixed,High,Yes,Low,2,5550,NA Control Site,NA Control Site,"There is a local park, hence placemaking is 'Yes'."
control_id_60_2616,control_id_60,2616,Control,Yes,GLEN HUNTLY ROAD,NA,20251212,,,Control,20091012,Yes,NA,Yes,NA,Yes,NA,No,NA,Yes,NA,Yes,Parallel,12,Yes,Parallel,High,Yes,Medium,2,5610,NA Control Site,NA Control Site,
control_id_60_2617,control_id_60,2617,Control,Yes,GLEN HUNTLY ROAD,NA,20251212,,,Control,20131019,Yes,NA,Yes,NA,Yes,NA,No,NA,Yes,NA,Yes,Parallel,55,Yes,Mixed,High,Yes,High,2,5950,NA Control Site,NA Control Site,Two parking bays are removed
control_id_60_2618,control_id_60,2618,Control,Yes,GLEN HUNTLY ROAD,NA,20251212,,,Control,20091012,No,NA,Yes,NA,Yes,NA,No,NA,Yes,NA,Yes,Parallel,0,Yes,Parallel,High,Yes,Medium,2,5000,NA Control Site,NA Control Site,
control_id_60_2619,control_id_60,2619,Control,Yes,GLEN HUNTLY ROAD,NA,20251212,,,Control,20091012,Yes,NA,Yes,NA,Yes,NA,Yes,NA,Yes,NA,Yes,Parallel,150,Yes,Mixed,High,Yes,Low,2,2690,NA Control Site,NA Control Site,"There is a local park, hence placemaking is 'Yes'."
control_id_60_2620,control_id_60,2620,Control,Yes,GLEN HUNTLY ROAD,NA,20251212,,,Control,20091012,Yes,NA,Yes,NA,Yes,NA,No,NA,Yes,NA,Yes,Parallel,112,Yes,Mixed,High,Yes,Medium,2,1360,NA Control Site,NA Control Site,A couple of parking bays are increased after a building construction
control_id_60_2621,control_id_60,2621,Control,Yes,GLEN HUNTLY ROAD,NA,20251212,,,Control,20091012,Yes,NA,Yes,NA,Yes,NA,No,NA,Yes,NA,Yes,Parallel,48,Yes,Mixed,High,Yes,Low,2,1360,NA Control Site,NA Control Site,
control_id_61_6298,control_id_61,6298,Control,Yes,HAMPTON ROAD,NA,20251015,NA,NA,Control,20091106,Yes,NA,Yes,NA,Yes,NA,No,NA,No,NA,Yes,Mixed,87,Yes,Parallel,High,Yes,Low,2,1840,NA Control Site,NA Control Site,Parking - IGA
control_id_61_6297,control_id_61,6297,Control,Yes,HAMPTON ROAD,NA,20251015,NA,NA,Control,20091106,Yes,NA,Yes,NA,Yes,NA,No,NA,Yes,NA,Yes,Parallel,13,Yes,Parallel,High,No,None,2,2290,NA Control Site,NA Control Site,
control_id_61_6296,control_id_61,6296,Control,Yes,HAMPTON ROAD,NA,20251015,NA,NA,Control,20091106,Yes,NA,Yes,NA,Yes,NA,No,NA,Yes,NA,Yes,Parallel,145,Yes,Mixed,Medium,Yes,Medium,2,3050,NA Control Site,NA Control Site,"Parking - station, supermarkets"
control_id_62_5527,control_id_62,5527,Control,Yes,BAY ROAD,NA,20251004,NA,NA,Control,20091106,Yes,NoChange,Yes,NoChange,Yes,NoChange,Yes,NoChange,Yes,NoChange,Yes,Parallel,44,Yes,Mixed,Medium,Yes,Low,2,3050,NA Control Site,NA Control Site,
control_id_63_3848,control_id_63,3848,Control,Yes,COMO PARADE W,NA,20251212,NA,NA,Control,20250304,Yes,NA,Yes,NA,Yes,NA,Yes,NA,Yes,NA,Yes,Parallel,150,Yes,Parallel,High,No,None,2,3230,NA Control Site,NA Control Site,NoChangeSince - post level crossing removal works
control_id_64_5481,control_id_64,5481,Control,Yes,MAIN STREET,NA,20251212,20250304,20251212,Control,20091106,Yes,NoChange,Yes,NoChange,Yes,NoChange,No,NoChange,No,NoChange,Yes,Parallel,241,Yes,Angled,Medium,Yes,Medium,4,2630,NA Control Site,NA Control Site,Construction underway for Mordialloc level crossing and associated parking. No changes to street in scope.
control_id_67_10934,control_id_67,10934,Control,Yes,HIGHETT ROAD,NA,20251004,NA,NA,Control,20130509,Yes,NA,Yes,NA,No,NA,No,NA,No,NA,Yes,Parallel,6,Yes,Parallel,High,No,None,2,2760,NA Control Site,NA Control Site,NoChangeSince - Woolworths (significant development affecting traffic and intersections)
control_id_67_10935,control_id_67,10935,Control,Yes,HIGHETT ROAD,NA,20251004,NA,NA,Control,20130509,Yes,NA,Yes,NA,Yes,NA,Yes,NA,Yes,NA,Yes,Parallel,63,Yes,Parallel,Medium,Yes,Low,2,2520,NA Control Site,NA Control Site,"Parking - station and woolies
NoChangeSince - Woolworths (significant development affecting traffic and intersections)"
control_id_68_1701,control_id_68,1701,Control,Yes,CLAYTON ROAD,NA,20251004,NA,NA,Control,20180904,Yes,NoChange,Yes,NoChange,Yes,NoChange,Yes,NoChange,Yes,NoChange,Yes,Mixed,68,Yes,Parallel,High,Yes,Medium,4,3060,NA Control Site,NA Control Site,Intersection upgrades on Clayton Road completed in 2018. SRL precinct development near Clayton Station from 2024 but no impact to public parking
control_id_69_11424,control_id_69,11424,Control,Yes,STATION STREET,NA,20251004,NA,NA,Control,20220204,Yes,NA,Yes,NA,Yes,NoChange,No,NoChange,Yes,NoChange,Yes,Mixed,75,Yes,Parallel,Medium,Yes,Medium,2,560,NA Control Site,NA Control Site,2x parklets SB removing up to 6 parking bays installed between 2021-2022
control_id_7_6472,control_id_7,6472,Control,Yes,UPPER HEIDELBERG ROAD,NA,20151015,NA,NA,Control,20220212,Yes,NA,Yes,NA,Yes,NA,No,NA,Yes,NA,Yes,Parallel,81,Yes,Mixed,Medium,Yes,Medium,2,1860,NA Control Site,NA Control Site,Gained about 5 addition spots in 2022 due  chuch carpark access closing. What used to be an entry/exit point can now be parked across.  
control_id_7_6473,control_id_7,6473,Control,Yes,UPPER HEIDELBERG ROAD,NA,20151015,NA,NA,Control,20230101,Yes,NA,Yes,NA,Yes,NA,No,NA,Yes,NA,Yes,Parallel,47,Yes,Mixed,Medium,Yes,High,2,1130,NA Control Site,NA Control Site,"Lost 10 spots due to conversions to parklets in January 2021. In December 2022, One space turned back into parking"
control_id_70_4781,control_id_70,4781,Control,Yes,CENTRE ROAD,NA,20251004,NA,NA,Control,20161117,Yes,NoChange,Yes,NoChange,Yes,NoChange,Yes,NoChange,Yes,NoChange,Yes,Parallel,123,Yes,Parallel,Medium,Yes,Medium,2,6620,NA Control Site,NA Control Site,Level crossing and associated offstreet parking completed 2016 
control_id_71_9490,control_id_71,9490,Control,Yes,KOORNANG ROAD,NA,20251004,NA,NA,Control,20190114,Yes,NA,Yes,NA,Yes,NoChange,Yes,NoChange,Yes,NoChange,Yes,Parallel,72,Yes,Parallel,Medium,Yes,Medium,2,6510,NA Control Site,NA Control Site,Level crossing and associated offstreet parking completed 2019
control_id_72_1608,control_id_72,1608,Control,Yes,POATH ROAD,NA,20251004,NA,NA,Control,20180823,Yes,NA,Yes,NA,Yes,NA,No,NA,Yes,NA,Yes,Parallel,26,Yes,Parallel,High,Yes,Medium,2,1060,NA Control Site,NA Control Site,Level crossing installed 2018
control_id_72_1607,control_id_72,1607,Control,Yes,POATH ROAD,NA,20251004,NA,NA,Control,20180823,Yes,NA,Yes,NA,Yes,NA,No,NA,Yes,NA,Yes,Parallel,18,Yes,Parallel,High,Yes,Medium,2,1340,NA Control Site,NA Control Site,Level crossing installed 2018
control_id_73_8770,control_id_73,8770,Control,Yes,DOUGLAS STREET,NA,20251004,NA,NA,Control,20190114,Yes,NA,Yes,NA,Yes,NA,Yes,NA,No,NA,Yes,Parallel,71,Yes,Mixed,High,Yes,High,2,2590,NA Control Site,NA Control Site,"Jan 14 2019: Added a couple of trees on Noble Park
Aug 4 2025 to Current: Construction of apartment reduced off-street parking but increased on-street parking that can't be used until construction finishes
Feb 18 2018 - Oct 17 2018: New intersection with Muderra Way"
control_id_75_300,control_id_75,300,Control,Yes,STEPHENSONS ROAD,NA,20251004,NA,NA,Control,20130805,Yes,NA,Yes,NA,Yes,NA,No,NA,Yes,NA,Yes,Parallel,17,Yes,Parallel,Low,Yes,High,4,660,NA Control Site,NA Control Site,"May 8 2013: More off-street parking added after building got demolished @ AusPost lockers
Wayfinding: Flagpoles for festivities"
control_id_76_11630,control_id_76,11630,Control,Yes,BLACKBURN ROAD,NA,20251015,NA,NA,Control,20111205,Yes,NA,Yes,NA,Yes,NA,No,NA,Yes,NA,Yes,Angled,75,Yes,Parallel,Low,Yes,High,4,380,NA Control Site,NA Control Site,"Dec 5 2011 : Repainted parking spots, increasing by 4 spots 
Oct 2 2012: Added keep clear road marking at St Clair Cres / Blackburn Rd
more trees planted along the street"
control_id_77_11242,control_id_77,11242,Control,Yes,SPRINGVALE ROAD,NA,20251015,NA,NA,Control,20091012,Yes,NA,Yes,NA,No,NA,No,NA,No,NA,No,None,0,No,None,Low,Yes,Low,6,740,NA Control Site,NA Control Site,"No changes except for repainting turn guides on road, this is just the major intersection part of Springvale Road"
control_id_77_11243,control_id_77,11243,Control,Yes,SPRINGVALE ROAD,NA,20251015,NA,NA,Control,20100416,Yes,NA,Yes,NA,No,NA,No,NA,No,NA,Yes,Parallel,24,Yes,Mixed,Medium,Yes,High,6,945,NA Control Site,NA Control Site,"Oct 12 2009 to Apr 16 2010: Added traffic islands
Feb 20 2010 to Apr 16 2010: Southmost traffic island was reconfigured i.e. pedestrian island changed to traffic island "
control_id_78_6396,control_id_78,6396,Control,Yes,CARRINGTON ROAD,NA,20251015,NA,NA,Control,20200428,Yes,NA,Yes,NA,Yes,NA,No,NA,Yes,NA,Yes,Parallel,44,Yes,Parallel,Low,Yes,High,2,4730,NA Control Site,NA Control Site,"2017 - 2020: Construction of SkyOne Plaza building
Lots of multilevel parking"
control_id_8_11418,control_id_8,11418,Control,Yes,STATION STREET,NA,20251015,NA,NA,Control,20210901,Yes,NA,Yes,NA,Yes,NA,Yes,NA,Yes,NA,Yes,Mixed,245,Yes,Parallel,High,Yes,Medium,2,2120,NA Control Site,NA Control Site,
control_id_80_269,control_id_80,269,Control,Yes,MALING ROAD,NA,20251012,NA,NA,Control,20190831,Yes,NA,Yes,NA,Yes,NA,Yes,NA,No,NA,Yes,Parallel,50,Yes,Mixed,Low,Yes,High,2,715,NA Control Site,NA Control Site,"Greenery reduced overall, increased on-street parking
Dec 14 2015 to Aug 31 2019: Demolition then contruction of a new building (Dec 14 2015 - Aug 31 2019)"
control_id_82_2624,control_id_82,2624,Control,Yes,GLEN HUNTLY ROAD,NA,20251004,NA,NA,Control,20230809,Yes,NA,Yes,NA,Yes,NA,Yes,NA,No,NA,Yes,Parallel,59,Yes,Parallel,Medium,Yes,High,2,1970,NA Control Site,NA Control Site,"Oct 18 2011: Adjusted pathway extents but did not affect number of on-street parking spots
Mar 12 2012: Removed crossing and traffic lights
Feb 12 2022 to Aug 9 2023: Construction of the removal of level crossings, with the tracks lowered"
control_id_82_2625,control_id_82,2625,Control,Yes,GLEN HUNTLY ROAD,NA,20251004,NA,NA,Control,20170831,No,NA,Yes,NA,Yes,NA,Yes,NA,No,NA,Yes,Parallel,46,Yes,Parallel,Medium,Yes,Low,2,2790,NA Control Site,NA Control Site,Aug 31 2017: Increased pathway width
control_id_83_3406,control_id_83,3406,Control,Yes,HIGH STREET,NA,20251015,NA,NA,Control,20091012,Yes,NA,Yes,NA,Yes,NA,No,NA,No,NA,Yes,Parallel,62,Yes,Mixed,Medium,Yes,High,2,1460,NA Control Site,NA Control Site,"No drastic changes apart from ""KEEP CLEAR"" road paintings "
control_id_85_2074,control_id_85,2074,Control,Yes,NORTH ROAD,NA,20251004,NA,NA,Control,20091012,Yes,NA,Yes,NA,Yes,NA,No,NA,Yes,NA,Yes,Parallel,61,Yes,Parallel,High,Yes,Low,6,2195,NA Control Site,NA Control Site,"Parking - behind IGA
NoChangeSince - since start of nearmap other than small road linemarking changes"
control_id_86_11656,control_id_86,11656,Control,Yes,MCKINNON ROAD,NA,20251004,NA,NA,Control,20210429,Yes,NA,Yes,NA,Yes,NA,Yes,NA,No,NA,Yes,Parallel,115,Yes,Parallel,Low,Yes,Medium,2,2180,NA Control Site,NA Control Site,Apr 29 2021: Added 2 traffic islands
control_id_87_9380,control_id_87,9380,Control,Yes,MELVILLE ROAD,NA,20251015,NA,NA,Control,20091012,Yes,NA,Yes,NA,Yes,NA,No,NA,No,NA,Yes,Parallel,11,Yes,Parallel,High,No,None,2,745,NA Control Site,NA Control Site,
control_id_87_9381,control_id_87,9381,Control,Yes,MELVILLE ROAD,NA,20251015,NA,NA,Control,20091012,Yes,NA,Yes,NA,Yes,NA,No,NA,No,NA,Yes,Parallel,13,Yes,Parallel,High,No,None,2,710,NA Control Site,NA Control Site,
control_id_88_7598,control_id_88,7598,Control,Yes,LOWER HEIDELBERG ROAD,NA,20251015,NA,NA,Control,20091012,Yes,NA,Yes,NA,Yes,NoChange,No,NoChange,No,NoChange,Yes,Parallel,19,Yes,Parallel,Medium,Yes,Medium,4,1135,NA Control Site,NA Control Site,
control_id_89_2722,control_id_89,2722,Control,Yes,MT ALEXANDER ROAD,NA,20251015,NA,NA,Control,20110628,Yes,NA,Yes,NA,No,NA,Yes,NA,Yes,NA,Yes,Mixed,91,Yes,Parallel,Medium,Yes,Medium,4,2700,NA Control Site,NA Control Site,"No on-street parking on Mt Alexander Rd itself, off-street parking on Mt Alexander Service Rd (counted)
Jun 28 2011: Added greenery to traffic island"
control_id_9_11672,control_id_9,11672,Control,Yes,NICHOLSON STREET,NA,20251015,NA,NA,Control,20200217,Yes,NA,Yes,NA,No,NA,No,NA,No,NA,Yes,Parallel,11,Yes,Mixed,High,No,None,3,880,NA Control Site,NA Control Site,No Change since 20200217 - dropped a lane NB
control_id_90_211,control_id_90,211,Control,Yes,KEILOR ROAD,NA,20251015,NA,NA,Control,20091012,Yes,NA,Yes,NoChange,Yes,NoChange,No,NA,Yes,NoChange,Yes,Mixed,102,Yes,Parallel,High,Yes,Medium,2,2000,NA Control Site,NA Control Site,
control_id_90_212,control_id_90,212,Control,Yes,KEILOR ROAD,NA,20251015,NA,NA,Control,20091012,Yes,NA,Yes,NoChange,Yes,NoChange,No,NA,Yes,NoChange,Yes,Parallel,52,Yes,Mixed,Low,Yes,High,2,2870,NA Control Site,NA Control Site,
control_id_91_10219,control_id_91,10219,Control,Yes,VICTORIA ROAD,NA,20251015,NA,NA,Control,20071101,Yes,NA,Yes,NoChange,Yes,Increase,No,NA,Yes,Increase,Yes,Parallel,23,Yes,Mixed,High,No,None,2,2030,NA Control Site,NA Control Site,
control_id_91_10221,control_id_91,10221,Control,Yes,VICTORIA ROAD,NA,20251015,NA,NA,Control,20071101,Yes,NA,Yes,NoChange,Yes,Increase,No,NA,Yes,Increase,Yes,Parallel,30,Yes,Mixed,Low,Yes,Low,2,1630,NA Control Site,NA Control Site,
control_id_92_3182,control_id_92,3182,Control,Yes,RACECOURSE ROAD,NA,20251015,NA,NA,Control,20150501,Yes,NA,Yes,NA,Yes,NA,Yes,NA,Yes,NA,Yes,Parallel,31,Yes,Mixed,High,Yes,Low,4,3590,NA Control Site,NA Control Site,"Improved landscape at the Eastern edge of the road, improved wayfinding signs"
control_id_92_3183,control_id_92,3183,Control,Yes,RACECOURSE ROAD,NA,20251015,NA,NA,Control,20091012,Yes,NA,Yes,NA,Yes,NA,No,NA,Yes,NA,No,None,0,Yes,Mixed,High,Yes,Medium,4,2495,NA Control Site,NA Control Site,Improved wayfinding signs
control_id_93_6232,control_id_93,6232,Control,Yes,MACAULEY ROAD,NA,20251015,NA,NA,Control,20161008,Yes,NA,Yes,NA,Yes,NA,No,NA,Yes,NA,Yes,Parallel,29,Yes,Parallel,High,No,None,2,2040,NA Control Site,NA Control Site,
control_id_94_2751,control_id_94,2751,Control,Yes,MT ALEXANDER ROAD,NA,20251015,NA,NA,Control,20100107,Yes,NoChange,Yes,NoChange,Yes,NoChange,No,NoChange,Yes,NoChange,Yes,Parallel,99,Yes,Parallel,High,Yes,High,2,1940,NA Control Site,NA Control Site,Midblock crossing near Davies St installed in 2010. Junction Lane pedestrianised in 2020 with no impact to onstreet parking.
control_id_95_5513,control_id_95,5513,Control,Yes,HAMPSHIRE ROAD,NA,20251015,NA,NA,Control,20211027,Yes,NA,Yes,NA,Yes,NA,Yes,NA,Yes,NA,Yes,Parallel,11,Yes,Mixed,Medium,Yes,High,2,4560,NA Control Site,NA Control Site,"Parking - offstreet available at for shopping centre
NoChangeSince - bike lane and line marking consistent date"
control_id_95_5512,control_id_95,5512,Control,Yes,HAMPSHIRE ROAD,NA,20251015,NA,NA,Control,20211027,Yes,NA,Yes,NA,Yes,NA,Yes,NA,Yes,NA,Yes,Parallel,19,Yes,Parallel,Low,Yes,High,2,2800,NA Control Site,NA Control Site,"
NoChangeSince - bike lane and line marking consistent date"
control_id_96_11481,control_id_96,11481,Control,Yes,HOPKINS ROAD,NA,20251015,NA,NA,Control,20091012,Yes,NA,Yes,NA,Yes,NA,Yes,NA,No,NA,Yes,Parallel,70,Yes,Mixed,Medium,Yes,Low,2,3040,NA Control Site,NA Control Site,"Parking - Library
NoChangeSince - does not account for works at Fooscray Station, which is not adjacent to the road"
control_id_96_11482,control_id_96,11482,Control,Yes,HOPKINS ROAD,NA,20251015,NA,NA,Control,20091012,Yes,NA,Yes,NA,Yes,NA,Yes,NA,No,NA,Yes,Parallel,29,Yes,Mixed,Medium,Yes,High,2,3480,NA Control Site,NA Control Site,"Parking - French St Carpark, Donald St Carpark, Footscray Plaza
NoChangeSince - does not account for works at Fooscray Station, which is not adjacent to the road"
control_id_96_9209,control_id_96,9209,Control,Yes,HOPKINS ROAD,NA,20251015,NA,NA,Control,20091012,Yes,NA,Yes,NA,Yes,NA,Yes,NA,Yes,NA,Yes,Parallel,49,Yes,Mixed,Medium,Yes,High,2,3270,NA Control Site,NA Control Site,"Parking - Footscray Market
NoChangeSince - does not account for works at Fooscray Station, which is not adjacent to the road"
control_id_97_12022,control_id_97,12022,Control,Yes,PUCKLE STREET,NA,20250201,20200907,20201108,Control,20201108,Yes,NA,Yes,NA,Yes,NA,No,NA,Yes,NA,Yes,Parallel,77,Yes,Parallel,High,Yes,High,2,4850,NA Control Site,NA Control Site,4 parking spots are removed and sitting area is added at Shuter st Intersection
control_id_98_9670,control_id_98,9670,Control,Yes,BURGUNDY STREET,NA,20251015,NA,NA,Control,20210429,Yes,NA,Yes,NA,Yes,NA,Yes,NA,Yes,NA,Yes,Parallel,57,Yes,Mixed,Medium,Yes,High,2,3620,NA Control Site,NA Control Site,"Jan 11 2019: Repainted on-street parking spots (additional 1)
Nov 8 2020: Added 2 on-street parking spots 
Apr 29 2021: Removed 3 on-street parking spots for outdoor dining"
control_id_98_9669,control_id_98,9669,Control,Yes,BURGUNDY STREET,NA,20251015,NA,NA,Control,20190831,Yes,NA,Yes,NA,Yes,NA,No,NA,No,NA,Yes,Mixed,32,Yes,Mixed,Medium,Yes,High,2,2820,NA Control Site,NA Control Site,Aug 31 2019: Removed one on-street parking spot 
control_id_99_5605,control_id_99,5605,Control,Yes,LOWER PLENTY ROAD,NA,20251015,NA,NA,Control,20190111,Yes,NoChange,Yes,NoChange,Yes,NoChange,Yes,NoChange,No,NoChange,Yes,Mixed,39,Yes,Mixed,High,Yes,Medium,2,650,NA Control Site,NA Control Site,"Beetham Parade traffic signals installed in 2018, EB bus bay(?) removed and onstreet parking returned in 2019"
site_id_1_12016,site_id_1,12016,Intervention,No,Ballarat st (sth),,20210122,20201108,20210122,Pedestrianisation,,Yes,No,Yes,NoChange,Yes,Increase,Yes,Increase,Yes,NoChange,No,NA,0,Yes,Parallel,Mediumm,Yes,Low,0,680,Pedestrianisation,Ballarat St South section is blocked for vehicular traffic,
site_id_10_7325,site_id_10,7325,Intervention,Yes,EXHIBITION STREET,,20201108,NA,NA,ProtectedBikeLane,,Yes,NA,Yes,NA,Yes,NA,No,NA,Yes,NA,Yes,Mixed,51,Yes,Mixed,Low,Yes,Low,4,10350,Painted bike lane,NA,
site_id_10_7325,site_id_10,7325,Intervention,No,EXHIBITION STREET,,20210727,20201108,20210727,ProtectedBikeLane,,Yes,Decrease,Yes,NoChange,Yes,Increase,No,NA,Yes,NoChange,Yes,Parallel,32,Yes,Mixed,Low,Yes,Low,4,10350,Protected Bike Lane,Bike lanes are separated from traffic except section between Little Lonsdale st & La Trobe St,
site_id_10_7326,site_id_10,7326,Intervention,Yes,EXHIBITION STREET,,20201108,NA,NA,ProtectedBikeLane,,Yes,NA,Yes,NA,Yes,NA,No,NA,Yes,NA,Yes,Mixed,80,Yes,Mixed,Low,Yes,High,4,18660,Painted bike lane,NA,
site_id_10_7326,site_id_10,7326,Intervention,No,EXHIBITION STREET,,20210727,20201108,20210727,ProtectedBikeLane,,Yes,Decrease,Yes,NoChange,Yes,Increase,No,NA,Yes,NoChange,Yes,Parallel,39,Yes,Mixed,Low,Yes,High,4,18660,Protected Bike Lane,Bike lanes are separated form traffic,
site_id_10_7327,site_id_10,7327,Intervention,Yes,EXHIBITION STREET,,20201108,NA,NA,ProtectedBikeLane,,Yes,NA,Yes,NA,Yes,NA,No,NA,Yes,NA,Yes,Mixed,62,Yes,Mixed,Low,Yes,High,5,14470,Painted bike lane,NA,
site_id_10_7327,site_id_10,7327,Intervention,No,EXHIBITION STREET,,20210727,20201108,20210727,ProtectedBikeLane,,Yes,Increase,Yes,NoChange,Yes,NoChange,No,NA,Yes,NoChange,Yes,Parallel,11,Yes,Mixed,Low,Yes,High,5,14470,Protected Bike Lane,Bike lanes are separated form traffic,
site_id_11_1753,site_id_11,1753,Intervention,Yes,CECIL STREET,NA,20101020,NA,NA,ProtectedBikeLane,NA,Yes,NA,Yes,NA,Yes,NA,Yes,NA,No,NA,Yes,Parallel,24,Yes,Mixed,High,Yes,Medium,2,4980,Painted bike lane,Bike Lane,
site_id_11_1753,site_id_11,1753,Intervention,No,CECIL STREET,NA,20110406,20101020,20110406,ProtectedBikeLane,NA,Yes,NoChange,Yes,NoChange,Yes,NoChange,Yes,NoChange,No,NA,Yes,Parallel,19,Yes,Mixed,High,Yes,Medium,2,4980,Protected Bike Lane,Protected Bike Lane,
site_id_11_1754,site_id_11,1754,Intervention,Yes,CECIL STREET,NA,20101020,NA,NA,ProtectedBikeLane,NA,Yes,NA,Yes,NA,Yes,NA,Yes,NA,No,NA,Yes,Parallel,40,Yes,Mixed,High,Yes,High,2,2070,Protected Bike Lane,Protected Bike Lane,
site_id_11_1754,site_id_11,1754,Intervention,No,CECIL STREET,NA,20110406,20101020,20110406,ProtectedBikeLane,NA,Yes,NoChange,Yes,NoChange,Yes,NoChange,Yes,NoChange,No,NoChange,Yes,Parallel,40,Yes,Mixed,High,Yes,High,2,2070,Post-protected bike lane (no change),Protected Bike Lane,
site_id_12_6289,site_id_12,6289,Intervention,Yes,MORAY STREET,,20180404,NA,NA,ProtectedBikeLane,,Yes,NA,Yes,NA,Yes,NA,No,NA,Yes,NA,Yes,Parallel,9,Yes,Mixed,Low,Yes,High,4,3530,Painted bike lane,NA,
site_id_12_6289,site_id_12,6289,Intervention,No,MORAY STREET,,20181019,20180404,20181019,ProtectedBikeLane,,Yes,NoChange,Yes,NoChange,Yes,NoChange,No,NA,Yes,NoChange,No,None,0,Yes,Mixed,Low,Yes,High,4,3530,Protected Bike Lane,Bike lanes are separated from traffic,
site_id_12_6290,site_id_12,6290,Intervention,Yes,MORAY STREET,,20180404,NA,NA,ProtectedBikeLane,,Yes,NA,Yes,NA,Yes,NA,No,NA,Yes,NA,Yes,Mixed,158,Yes,Mixed,High,Yes,Medium,2,985,Painted bike lane,NA,
site_id_12_6290,site_id_12,6290,Intervention,No,MORAY STREET,,20181019,20180404,20181019,ProtectedBikeLane,,Yes,NoChange,Yes,NoChange,Yes,NoChange,No,NA,Yes,NoChange,Yes,Parallel,91,Yes,Mixed,High,Yes,Medium,2,985,Protected Bike Lane,Bike lanes are separated from traffic,
site_id_13_6630,site_id_13,6630,Intervention,Yes,st kilda rd,,20091012,NA,NA,ProtectedBikeLane,,Yes,NA,Yes,NA,No,NA,No,NA,No,NoChange,No,None,0,Yes,Mixed,Low,Yes,Low,8,3260,No bike lane of any type,NA,
site_id_13_6631,site_id_13,6631,Intervention,Yes,st kilda rd,,20091012,NA,NA,ProtectedBikeLane,,Yes,NA,Yes,NA,Yes,NA,No,NA,No,NA,Yes,Parallel,293,Yes,Mixed,Low,Yes,Low,10,2930,Painted bike lane,NA,2 lanes are for parking
site_id_13_6632,site_id_13,6632,Intervention,Yes,st kilda rd,,20091012,NA,NA,ProtectedBikeLane,,Yes,NA,Yes,NA,Yes,NA,No,NA,No,NA,Yes,Parallel,109,Yes,Mixed,Low,Yes,Low,10,5230,Painted bike lane,NA,3 lanes are for parking
site_id_13_6633,site_id_13,6633,Intervention,Yes,st kilda rd,,20091012,NA,NA,ProtectedBikeLane,,Yes,NA,Yes,NA,Yes,NA,No,NoChange,No,NoChange,Yes,Parallel,80,Yes,Mixed,Medium,Yes,Medium,10,3825,Painted bike lane,NA,3 lanes are for parking
site_id_13_6634,site_id_13,6634,Intervention,Yes,st kilda rd,,20091012,NA,NA,ProtectedBikeLane,,Yes,NA,Yes,NA,Yes,NA,No,NA,No,NA,Yes,Parallel,65,Yes,Mixed,Low,No,Low,10,3000,Painted bike lane,NA,2 lanes are for parking
site_id_13_6635,site_id_13,6635,Intervention,Yes,st kilda rd,,20091012,NA,NA,ProtectedBikeLane,,Yes,NA,Yes,NA,Yes,NA,No,NA,No,NA,Yes,Parallel,26,Yes,Parallel,Low,No,Low,8,2345,Painted bike lane,NA, slip roads included
site_id_13_6630,site_id_13,6630,Intervention,No,st kilda rd,,20100621,NA,20100621,ProtectedBikeLane,,Yes,NoChange,Yes,NoChange,No,NoChange,No,NoChange,No,NoChange,No,None,0,Yes,Mixed,Low,Yes,Low,8,3260,No bike lane of any type,no change,
site_id_13_6631,site_id_13,6631,Intervention,No,st kilda rd,,20100621,NA,20100621,ProtectedBikeLane,,Yes,Decrease,Yes,NoChange,Yes,NoChange,No,NoChange,No,NoChange,Yes,Parallel,291,Yes,Mixed,Low,Yes,Low,8,2930,Pre-protected bike lane (minor change),keep clear road marking which reduced  parking spots,2 lanes are for parking
site_id_13_6632,site_id_13,6632,Intervention,No,st kilda rd,,20100621,NA,20100621,ProtectedBikeLane,,Yes,NoChange,Yes,NoChange,Yes,NoChange,No,NoChange,No,NoChange,Yes,Parallel,109,Yes,Mixed,Low,Yes,Low,10,5230,Pre-protected bike lane (no change),no change,3 lanes are for parking
site_id_13_6633,site_id_13,6633,Intervention,No,st kilda rd,,20100621,NA,20100621,ProtectedBikeLane,,Yes,NoChange,Yes,NoChange,Yes,NoChange,No,NoChange,No,NoChange,Yes,Parallel,75,Yes,Mixed,Medium,Yes,Medium,10,3825,Pre-protected bike lane (minor change),upgraded tram stop which reduced 5 parking spots,3 lanes are for parking
site_id_13_6634,site_id_13,6634,Intervention,No,st kilda rd,,20100621,NA,20100621,ProtectedBikeLane,,Yes,NoChange,Yes,NoChange,Yes,NoChange,No,NoChange,No,NoChange,Yes,Parallel,65,Yes,Mixed,Low,No,Low,10,3000,Pre-protected bike lane (no change),no change,2 lanes are for parking
site_id_13_6635,site_id_13,6635,Intervention,No,st kilda rd,,20100621,NA,20100621,ProtectedBikeLane,,Yes,NoChange,Yes,NoChange,Yes,NoChange,No,NoChange,No,NoChange,Yes,Parallel,26,Yes,Parallel,Low,No,Low,8,2345,Pre-protected bike lane (no change),no change, slip roads included
site_id_13_6630,site_id_13,6630,Intervention,No,st kilda rd,,20170809,20170504,20170809,ProtectedBikeLane,,Yes,NoChange,Yes,NoChange,No,NoChange,No,NoChange,No,NoChange,No,None,0,Yes,Mixed,Low,Yes,Low,8,3260,Painted bike lane,no change,
site_id_13_6631,site_id_13,6631,Intervention,No,st kilda rd,,20170809,20170504,20170809,ProtectedBikeLane,,Yes,Decrease,Yes,NoChange,Yes,NoChange,No,NoChange,No,NoChange,Yes,Parallel,266,Yes,Mixed,Low,Yes,Low,8,2930,Pre-protected bike lane (minor change),"bike lane maneuvers towards middle of the road instead of sticking to leftmost lane, minor parking changes","2 lanes are for parking. 415-421 st kilda rd (98 spots), 517 st kilda rd (8 spots), secure parking @ 23 queens rd (underground), 436 st kilda rd (partially covered)"
site_id_13_6632,site_id_13,6632,Intervention,No,st kilda rd,,20170809,20170504,20170809,ProtectedBikeLane,,Yes,NoChange,Yes,NoChange,Yes,NoChange,No,NoChange,No,NoChange,Yes,Parallel,107,Yes,Mixed,Low,Yes,Low,10,5230,Pre-protected bike lane (no change),no change,3 lanes are for parking
site_id_13_6633,site_id_13,6633,Intervention,No,st kilda rd,,20170809,20170504,20170809,ProtectedBikeLane,,Yes,NoChange,Yes,NoChange,Yes,NoChange,No,NoChange,No,NoChange,Yes,Parallel,75,Yes,Mixed,Medium,Yes,Medium,10,3825,Pre-protected bike lane (no change),no change,3 lanes are for parking
site_id_13_6634,site_id_13,6634,Intervention,No,st kilda rd,,20170809,20170504,20170809,ProtectedBikeLane,,Yes,NoChange,Yes,Decrease,No,NoChange,No,NoChange,No,NoChange,Yes,Parallel,65,Yes,Mixed,Low,No,Low,9,3000,Pre-protected bike lane (no change),no change,2 lanes are for parking
site_id_13_6635,site_id_13,6635,Intervention,No,st kilda rd,,20170809,20170504,20170809,ProtectedBikeLane,,Yes,NoChange,Yes,NoChange,No,NoChange,No,NoChange,No,NoChange,Yes,Parallel,26,Yes,Parallel,Low,No,Low,8,2345,Pre-protected bike lane (no change),no change, slip roads included
site_id_13_6630,site_id_13,6630,Intervention,No,st kilda rd,,20230424,20230101,20230424,ProtectedBikeLane,,Yes,NoChange,Yes,NoChange,No,NoChange,No,NoChange,No,NoChange,No,None,0,Yes,Mixed,Low,Yes,Low,8,3260,Pre-protected bike lane (no change),no change,
site_id_13_6631,site_id_13,6631,Intervention,No,st kilda rd,,20230424,20230101,20230424,ProtectedBikeLane,,Yes,Decrease,Yes,NoChange,Yes,NoChange,No,NoChange,No,NoChange,Yes,Parallel,266,Yes,Mixed,Low,Yes,Low,8,2930,Protected bike lane,bike lane separated from traffic,2 lanes are for parking
site_id_13_6632,site_id_13,6632,Intervention,No,st kilda rd,,20230424,20230101,20230424,ProtectedBikeLane,,Yes,NoChange,Yes,NoChange,Yes,NoChange,No,NoChange,No,NoChange,Yes,Parallel,99,Yes,Mixed,Low,Yes,Low,10,5230,Protected bike lane,protected and separated bike lane in both directions,3 lanes are for parking
site_id_13_6633,site_id_13,6633,Intervention,No,st kilda rd,,20230424,20230101,20230424,ProtectedBikeLane,,Yes,NoChange,Yes,NoChange,Yes,NoChange,No,NoChange,No,NoChange,Yes,Parallel,61,Yes,Mixed,Medium,Yes,Medium,8,3825,Protected bike lane,protected and separated bike lane in both directions,3 lanes are for parking
site_id_13_6634,site_id_13,6634,Intervention,No,st kilda rd,,20230424,20230101,20230424,ProtectedBikeLane,,Yes,NoChange,Yes,Decrease,No,NoChange,No,NoChange,No,NoChange,Yes,Parallel,45,Yes,Mixed,Low,No,Low,9,3000,Protected bike lane,protected and separated bike lane in both directions,2 lanes are for parking
site_id_13_6635,site_id_13,6635,Intervention,No,st kilda rd,,20230424,20230101,20230424,ProtectedBikeLane,,Yes,NoChange,Yes,NoChange,No,NoChange,No,NoChange,No,NoChange,Yes,Parallel,17,Yes,Parallel,Low,No,Low,8,2345,Protected bike lane,protected and separated bike lane in both directions, slip roads included
site_id_13_6630,site_id_13,6630,Intervention,No,st kilda rd,,20230823,20230424,20230823,ProtectedBikeLane,,Yes,NoChange,Yes,NoChange,No,NoChange,No,NoChange,No,NoChange,No,None,0,Yes,Mixed,Low,Yes,Low,8,3260,Pre-protected bike lane (minor change),paint markings (yellow) to distinguish bike lane,painted outline of bike lane in yellow
site_id_13_6631,site_id_13,6631,Intervention,No,st kilda rd,,20230823,20230424,20230823,ProtectedBikeLane,,Yes,Decrease,Yes,NoChange,Yes,NoChange,No,NoChange,No,NoChange,Yes,Parallel,266,Yes,Mixed,Low,Yes,Low,8,2930,Post-protected bike lane (no change),no change,2 lanes are for parking
site_id_13_6632,site_id_13,6632,Intervention,No,st kilda rd,,20230823,20230424,20230823,ProtectedBikeLane,,Yes,NoChange,Yes,NoChange,Yes,NoChange,No,NoChange,No,NoChange,Yes,Parallel,99,Yes,Mixed,Low,Yes,Low,8,5230,Post-protected bike lane (no change),no change,3 lanes are for parking
site_id_13_6633,site_id_13,6633,Intervention,No,st kilda rd,,20230823,20230424,20230823,ProtectedBikeLane,,Yes,NoChange,Yes,NoChange,Yes,NoChange,No,NoChange,No,NoChange,Yes,Parallel,61,Yes,Mixed,Medium,Yes,Medium,8,3825,Post-protected bike lane (no change),no change,3 lanes are for parking
site_id_13_6634,site_id_13,6634,Intervention,No,st kilda rd,,20230823,20230424,20230823,ProtectedBikeLane,,Yes,NoChange,Yes,Decrease,No,NoChange,No,NoChange,No,NoChange,Yes,Parallel,45,Yes,Mixed,Low,No,Low,9,3000,Post-protected bike lane (no change),no change,2 lanes are for parking
site_id_13_6635,site_id_13,6635,Intervention,No,st kilda rd,,20230823,20230424,20230823,ProtectedBikeLane,,Yes,NoChange,Yes,NoChange,No,NoChange,No,NoChange,No,NoChange,Yes,Parallel,17,Yes,Parallel,Low,No,Low,8,2345,Post-protected bike lane (no change),no change, slip roads included
site_id_13_6630,site_id_13,6630,Intervention,No,st kilda rd,,20231110,20230823,20231110,ProtectedBikeLane,,Yes,NoChange,Yes,NoChange,No,NoChange,No,NoChange,No,NoChange,No,None,0,Yes,Mixed,Low,Yes,Low,8,3260,Protected bike lane,constructed new bike lane on leftmost lane NB only ,bike lane shifted from middle of the road to the leftmost lane (nb). on-street parking near shops (2 spots)
site_id_13_6631,site_id_13,6631,Intervention,No,st kilda rd,,20231110,20230823,20231110,ProtectedBikeLane,,Yes,Decrease,Yes,NoChange,Yes,NoChange,No,NoChange,No,NoChange,Yes,Parallel,266,Yes,Mixed,Low,Yes,Low,8,2930,Post-protected bike lane (no change),no change,2 lanes are for parking
site_id_13_6632,site_id_13,6632,Intervention,No,st kilda rd,,20231110,20230823,20231110,ProtectedBikeLane,,Yes,NoChange,Yes,NoChange,Yes,NoChange,No,NoChange,No,NoChange,Yes,Parallel,99,Yes,Mixed,Low,Yes,Low,8,5230,Post-protected bike lane (no change),no change,3 lanes are for parking
site_id_13_6633,site_id_13,6633,Intervention,No,st kilda rd,,20231110,20230823,20231110,ProtectedBikeLane,,Yes,NoChange,Yes,NoChange,Yes,NoChange,No,NoChange,No,NoChange,Yes,Parallel,61,Yes,Mixed,Medium,Yes,Medium,8,3825,Post-protected bike lane (no change),no change,3 lanes are for parking
site_id_13_6634,site_id_13,6634,Intervention,No,st kilda rd,,20231110,20230823,20231110,ProtectedBikeLane,,Yes,NoChange,Yes,Decrease,No,NoChange,No,NoChange,No,NoChange,Yes,Parallel,45,Yes,Mixed,Low,No,Low,7,3000,Post-protected bike lane (no change),no change,2 lanes are for parking
site_id_13_6635,site_id_13,6635,Intervention,No,st kilda rd,,20231110,20230823,20231110,ProtectedBikeLane,,Yes,NoChange,Yes,NoChange,No,NoChange,No,NoChange,No,NoChange,Yes,Parallel,17,Yes,Parallel,Low,No,Low,8,2345,Post-protected bike lane (no change),no change, slip roads included
site_id_13_6630,site_id_13,6630,Intervention,No,st kilda rd,,20240203,20231110,20240203,ProtectedBikeLane,,Yes,NoChange,Yes,NoChange,No,NoChange,No,NoChange,No,NoChange,No,None,0,Yes,Mixed,Low,Yes,Low,8,3260,Post-protected bike lane (bike lane alignment change),"bike lane shifted from middle of road NB to the leftmost lane, separated from traffic","bike lane shifted from middle of the road to the leftmost lane (nb). on-street parking near shops (2 spots). there were bike lane painting jobs in previous years, and tram addition to the east of st kilda rd on toorak rd (after may 4th 2017) which reduced angled on-street parking (~20 spots)"
site_id_13_6631,site_id_13,6631,Intervention,No,st kilda rd,,20240203,20231110,20240203,ProtectedBikeLane,,Yes,Decrease,Yes,Decrease,Yes,NoChange,No,NoChange,No,NoChange,Yes,Parallel,266,Yes,Mixed,Low,Yes,Low,8,2930,Post-protected bike lane (no change),no change,2 lanes are for parking
site_id_13_6632,site_id_13,6632,Intervention,No,st kilda rd,,20240203,20231110,20240203,ProtectedBikeLane,,Yes,NoChange,Yes,NoChange,Yes,NoChange,No,NoChange,No,NoChange,Yes,Parallel,99,Yes,Mixed,Low,Yes,Low,8,5230,Post-protected bike lane (no change),no change,3 lanes are for parking
site_id_13_6633,site_id_13,6633,Intervention,No,st kilda rd,,20240203,20231110,20240203,ProtectedBikeLane,,Yes,NoChange,Yes,NoChange,Yes,NoChange,No,NoChange,No,NoChange,Yes,Parallel,61,Yes,Mixed,Medium,Yes,Medium,8,3825,Post-protected bike lane (no change),no change,3 lanes are for parking
site_id_13_6634,site_id_13,6634,Intervention,No,st kilda rd,,20240203,20231110,20240203,ProtectedBikeLane,,Yes,NoChange,Yes,Decrease,No,NoChange,No,NoChange,No,NoChange,Yes,Parallel,45,Yes,Mixed,Low,No,Low,7,3000,Post-protected bike lane (no change),no change,2 lanes are for parking
site_id_13_6635,site_id_13,6635,Intervention,No,st kilda rd,,20240203,20231110,20240203,ProtectedBikeLane,,Yes,NoChange,Yes,NoChange,No,NoChange,No,NoChange,No,NoChange,Yes,Parallel,17,Yes,Parallel,Low,No,Low,8,2345,Post-protected bike lane (no change),no change, slip roads included
site_id_14_7748,site_id_14,7748,Intervention,Yes,FITZROY STREET,,20071130,NA,NA,ProtectedBikeLane,,Yes,NA,Yes,NA,Yes,NA,Yes,NA,Yes,NA,Yes,Parallel,60,Yes,Mixed,High,Yes,Medium,3,5635,Painted bike lane,Protected bidirectional bike lane,"no pre-2009 nearmap imagery available, used google streetview 2007"
site_id_14_7748,site_id_14,7748,Intervention,No,FITZROY STREET,,20091012,20071130,20091012,ProtectedBikeLane,,Yes,NoChange,Yes,NoChange,Yes,NoChange,Yes,Increase,Yes,NoChange,Yes,Parallel,58,Yes,Mixed,High,Yes,Medium,3,5635,Protected bike lane,Protected bidirectional bike lane,
site_id_14_7749,site_id_14,7749,Intervention,Yes,FITZROY STREET,,20071130,NA,NA,ProtectedBikeLane,,Yes,NA,Yes,NA,Yes,NA,Yes,NA,Yes,NA,Yes,Parallel,50,Yes,Mixed,High,Yes,Medium,4,7115,Painted bike lane,Protected bidirectional bike lane,"no pre-2009 nearmap imagery available, used google streetview 2007"
site_id_14_7749,site_id_14,7749,Intervention,No,FITZROY STREET,,20091012,20071130,20091012,ProtectedBikeLane,,Yes,NoChange,Yes,NoChange,Yes,NoChange,Yes,Increase,Yes,NoChange,Yes,Parallel,42,Yes,Mixed,High,Yes,Medium,4,7115,Protected bike lane,Protected bidirectional bike lane,
site_id_2_12017,site_id_2,12017,Intervention,Yes,BALLARAT ST (STH),,20141129,NA,NA,NA,,No,NA,Yes,NA,No,NA,No,NA,No,NA,Yes,Parallel,7,Yes,Parallel,High,Yes,Medium,2,480,Baseline pedestrianisation,Pedestrianisation of Ballarat St,
site_id_2_12017,site_id_2,12017,Intervention,No,BALLARAT ST (STH),,20150205,20141129,20150205,Pedestrianisation,,Yes,Increase,Yes,NoChange,Yes,Increase,Yes,Increase,No,NoChange,Yes,Parallel,0,Yes,Parallel,High,Yes,Medium,2,480,Pedestrianisation,Pedestrianisation of Ballarat St,
site_id_21_12019,site_id_21,12019,Intervention,Yes,MURNONG ST,,20201108,NA,NA,NA,,Yes,NA,Yes,NA,No,NA,No,NA,Yes,NA,Yes,Parallel,11,Yes,Parallel,Low,Yes,High,2,1170,Baseline pedestrianisation,Pedestrianisation of Murnong St,
site_id_21_12019,site_id_21,12019,Intervention,No,MURNONG ST,,20210122,20201108,20210122,Pedestrianisation,,Yes,NoChange,Yes,NoChange,Yes,Increase,Yes,Increase,Yes,NoChange,Yes,Parallel,0,Yes,Parallel,Low,Yes,High,2,1170,Pedestrianisation,Pedestrianisation of Murnong St,
site_id_3_12018,site_id_3,12018,Intervention,Yes,ACLAND,,20160419,NA,NA,Pedestrianisation,,Yes,NA,Yes,NA,Yes,NA,No,NA,No,NA,Yes,Parallel,30,Yes,Mixed,Low,Yes,Low,2,8510,Baseline pedestrianisation,NA,
site_id_3_12018,site_id_3,12018,Intervention,No,ACLAND,,20160917,20160419,20160917,Pedestrianisation,,Yes,NoChange,Yes,NoChange,Yes,Increase,Yes,Increase,No,NA,No,None,0,Yes,Mixed,Low,Yes,Low,0,8510,Pedestrianisation,"Cars are restricted in on Acland Street, though Tram still use it.",
site_id_3_2269,site_id_3,2269,Intervention,Yes,ACLAND STREET,,20160419,NA,NA,Pedestrianisation,,Yes,NA,Yes,NA,Yes,NA,No,NA,No,NA,Yes,Parallel,9,Yes,Mixed,High,Yes,Medium,2,7400,Baseline pedestrianisation,NA,
site_id_3_2269,site_id_3,2269,Intervention,No,ACLAND STREET,,20160917,20160419,20160917,Pedestrianisation,,Yes,NoChange,Yes,NoChange,Yes,Increase,Yes,Increase,No,NA,No,None,0,Yes,Mixed,High,Yes,Medium,2,7400,Pedestrianisation,"Cars are restricted in on Acland Street, though Tram still use it.",
site_id_30_1659,site_id_30,1659,Intervention,Yes,abbotsford st,30,20091012,NA,NA,ProtectedBikeLane,,Yes,NA,Yes,NA,Yes,NA,No,NA,Yes,NA,Yes,Parallel,75,Yes,Mixed,High,No,Low,2,520,Painted bike lane,NA,
site_id_30_1659,site_id_30,1659,Intervention,No,abbotsford st,30,20110406,20110129,20110406,ProtectedBikeLane,,Yes,NoChange,Yes,NoChange,Yes,NoChange,No,NoChange,Yes,NoChange,Yes,Parallel,78,Yes,Mixed,High,No,Low,2,520,Pre-protected bike lane (minor change),Unprotected bike lanes on both sides,
site_id_30_1659,site_id_30,1659,Intervention,No,abbotsford st,30,20130621,NA,20130621,ProtectedBikeLane,,Yes,NoChange,Yes,NoChange,Yes,NoChange,No,NoChange,Yes,NoChange,Yes,Parallel,78,Yes,Mixed,High,No,Low,2,520,Pre-protected bike lane (no change),no change,
site_id_30_1659,site_id_30,1659,Intervention,No,abbotsford st,30,20130904,NA,20130904,ProtectedBikeLane,,Yes,NoChange,Yes,NoChange,Yes,NoChange,No,NoChange,Yes,NoChange,Yes,Parallel,78,Yes,Mixed,High,No,Low,2,520,Pre-protected bike lane (no change),no change,
site_id_30_1659,site_id_30,1659,Intervention,No,abbotsford st,30,20181019,20180823,20181019,ProtectedBikeLane,,Yes,NoChange,Yes,NoChange,Yes,NoChange,No,NoChange,Yes,NoChange,Yes,Parallel,77,Yes,Mixed,High,No,Low,2,520,Pre-protected bike lane (minor change),realigned pedestrian crossing,
site_id_30_1659,site_id_30,1659,Intervention,No,abbotsford st,30,20201102,20200907,20201102,ProtectedBikeLane,,Yes,NoChange,Yes,NoChange,Yes,NoChange,No,NoChange,Yes,NoChange,Yes,Parallel,82,Yes,Mixed,High,No,Low,2,520,Protected Bike Lane,"protected bikeway between molesworth st and haines st both sides, NB bikeway realignment to leftmost lane",
site_id_30_1659,site_id_30,1659,Intervention,No,abbotsford st,30,20201108,20201102,20201108,ProtectedBikeLane,,Yes,NoChange,Yes,NoChange,Yes,NoChange,No,NoChange,Yes,NoChange,Yes,Parallel,72,Yes,Mixed,High,No,Low,2,520,Post-protected bike lane (bike lane alignment change),realigned bikeway to leftmost lane both sides except for SB between chapman st & molesworth st,
site_id_30_1659,site_id_30,1659,Intervention,No,abbotsford st,30,20210122,20201108,20210122,ProtectedBikeLane,,Yes,NoChange,Yes,NoChange,Yes,NoChange,No,NoChange,Yes,NoChange,Yes,Parallel,63,Yes,Mixed,High,No,Low,2,520,Post-protected bike lane (bike lane alignment change),realigned bikeway to leftmost lane for SB between chapman st & molesworth st,
site_id_30_1659,site_id_30,1659,Intervention,No,abbotsford st,30,20220914,20201108,20220914,ProtectedBikeLane,,Yes,NoChange,Yes,NoChange,Yes,NoChange,No,NoChange,Yes,NoChange,Yes,Parallel,77,Yes,Mixed,High,No,Low,2,520,Post-protected bike lane (minor change),added keep clear markings on the tram line @ the intersection with molesworth st,
site_id_30_1659,site_id_30,1659,Intervention,No,abbotsford st,30,20230903,20230823,20230903,ProtectedBikeLane,,Yes,NoChange,Yes,NoChange,Yes,NoChange,No,NoChange,Yes,NoChange,Yes,Parallel,74,Yes,Mixed,High,No,Low,2,520,Post-protected bike lane (minor change),added keep clear markings and diagonal lines which reduced on-street parking,
site_id_30_1659,site_id_30,1659,Intervention,No,abbotsford st,30,20231110,20230903,20231110,ProtectedBikeLane,,Yes,NoChange,Yes,NoChange,Yes,NoChange,No,NoChange,Yes,NoChange,Yes,Parallel,70,Yes,Mixed,High,Yes,Low,2,520,Post-protected bike lane (minor change),"added pedestrain crossings @ the intersection with molesworth st, off-street parking at the primary school?",
site_id_30_1659,site_id_30,1659,Intervention,No,abbotsford st,30,20240203,20231110,20240203,ProtectedBikeLane,,Yes,NoChange,Yes,NoChange,Yes,NoChange,No,NoChange,Yes,NoChange,Yes,Parallel,67,Yes,Mixed,High,Yes,Low,2,520,Post-protected bike lane (minor change),Road markings reduced parking ,
site_id_30_1660,site_id_30,1660,Intervention,Yes,abbotsford st,30,20091012,NA,NA,ProtectedBikeLane,,Yes,NA,Yes,NA,No,NA,No,NA,Yes,NA,Yes,Parallel,29,Yes,Mixed,High,No,Low,2,1430,Painted bike lane,NA,
site_id_30_1660,site_id_30,1660,Intervention,No,abbotsford st,30,20110406,20110129,20110406,ProtectedBikeLane,,Yes,NoChange,Yes,NoChange,No,NoChange,No,NoChange,Yes,NoChange,Yes,Parallel,29,Yes,Mixed,High,No,Low,2,1430,Pre-protected bike lane (minor change),Unprotected bike lanes on both sides @ intersections,
site_id_30_1660,site_id_30,1660,Intervention,No,abbotsford st,30,20130621,NA,20130621,ProtectedBikeLane,,Yes,NoChange,Yes,NoChange,No,NoChange,No,NoChange,Yes,NoChange,Yes,Parallel,29,Yes,Mixed,High,No,Low,2,1430,Pre-protected bike lane (no change),no change,
site_id_30_1660,site_id_30,1660,Intervention,No,abbotsford st,30,20130904,NA,20130904,ProtectedBikeLane,,Yes,NoChange,Yes,NoChange,No,NoChange,No,NoChange,Yes,NoChange,Yes,Parallel,29,Yes,Mixed,High,No,Low,2,1430,Pre-protected bike lane (no change),no change,
site_id_30_1660,site_id_30,1660,Intervention,No,abbotsford st,30,20181019,NA,20181019,ProtectedBikeLane,,Yes,NoChange,Yes,NoChange,No,NoChange,No,NoChange,Yes,NoChange,Yes,Parallel,29,Yes,Mixed,High,No,Low,2,1430,Pre-protected bike lane (no change),no change,
site_id_30_1660,site_id_30,1660,Intervention,No,abbotsford st,30,20201102,20200907,20201102,ProtectedBikeLane,,Yes,NoChange,Yes,NoChange,No,NoChange,No,NoChange,Yes,NoChange,Yes,Parallel,27,Yes,Mixed,High,No,Low,2,1430,Protected Bike Lane,protected bikeway,
site_id_30_1660,site_id_30,1660,Intervention,No,abbotsford st,30,20201108,20201102,20201108,ProtectedBikeLane,,Yes,NoChange,Yes,NoChange,No,NoChange,No,NoChange,Yes,NoChange,Yes,Parallel,27,Yes,Mixed,High,No,Low,2,1430,Post-protected bike lane (no change),no change,
site_id_30_1660,site_id_30,1660,Intervention,No,abbotsford st,30,20210122,20201102,20210122,ProtectedBikeLane,,Yes,NoChange,Yes,NoChange,No,NoChange,No,NoChange,Yes,NoChange,Yes,Parallel,27,Yes,Mixed,High,No,Low,2,1430,Post-protected bike lane (no change),no change,
site_id_30_1660,site_id_30,1660,Intervention,No,abbotsford st,30,20220914,NA,20220914,ProtectedBikeLane,,Yes,NoChange,Yes,NoChange,No,NoChange,No,NoChange,Yes,NoChange,Yes,Parallel,27,Yes,Mixed,High,No,Low,2,1430,Post-protected bike lane (no change),no change,
site_id_30_1660,site_id_30,1660,Intervention,No,abbotsford st,30,20230903,NA,20230903,ProtectedBikeLane,,Yes,NoChange,Yes,NoChange,No,NoChange,No,NoChange,Yes,NoChange,Yes,Parallel,27,Yes,Mixed,High,No,Low,2,1430,Post-protected bike lane (no change),no change,
site_id_30_1660,site_id_30,1660,Intervention,No,abbotsford st,30,20231110,NA,20231110,ProtectedBikeLane,,Yes,NoChange,Yes,NoChange,No,NoChange,No,NoChange,Yes,NoChange,Yes,Parallel,27,Yes,Mixed,High,No,Low,2,1430,Post-protected bike lane (no change),no change,
site_id_30_1660,site_id_30,1660,Intervention,No,abbotsford st,30,20240203,NA,20240203,ProtectedBikeLane,,Yes,NoChange,Yes,NoChange,No,NoChange,No,NoChange,Yes,NoChange,Yes,Parallel,27,Yes,Mixed,High,No,Low,2,1430,Post-protected bike lane (no change),no change,
site_id_30_1661,site_id_30,1661,Intervention,Yes,abbotsford st,30,20091012,NA,NA,ProtectedBikeLane,,Yes,NA,Yes,NA,No,NA,No,NA,Yes,NA,Yes,Parallel,27,Yes,Mixed,High,No,Low,2,1030,Painted bike lane,NA,
site_id_30_1661,site_id_30,1661,Intervention,No,abbotsford st,30,20110406,20110129,20110406,ProtectedBikeLane,,Yes,NoChange,Yes,NoChange,No,NoChange,No,NoChange,Yes,NoChange,Yes,Parallel,27,Yes,Mixed,High,No,Low,2,1030,Pre-protected bike lane (minor change),no change,
site_id_30_1661,site_id_30,1661,Intervention,No,abbotsford st,30,20130621,NA,20130621,ProtectedBikeLane,,Yes,NoChange,Yes,NoChange,No,NoChange,No,NoChange,Yes,NoChange,Yes,Parallel,27,Yes,Mixed,High,No,Low,2,1030,Pre-protected bike lane (no change),no change,
site_id_30_1661,site_id_30,1661,Intervention,No,abbotsford st,30,20130904,NA,20130904,ProtectedBikeLane,,Yes,NoChange,Yes,NoChange,No,NoChange,No,NoChange,Yes,NoChange,Yes,Parallel,27,Yes,Mixed,High,No,Low,2,1030,Pre-protected bike lane (no change),no change,
site_id_30_1661,site_id_30,1661,Intervention,No,abbotsford st,30,20181019,NA,20181019,ProtectedBikeLane,,Yes,NoChange,Yes,NoChange,No,NoChange,No,NoChange,Yes,NoChange,Yes,Parallel,27,Yes,Mixed,High,No,Low,2,1030,Pre-protected bike lane (no change),no change,
site_id_30_1661,site_id_30,1661,Intervention,No,abbotsford st,30,20201102,20200907,20201102,ProtectedBikeLane,,Yes,NoChange,Yes,NoChange,No,NoChange,No,NoChange,Yes,NoChange,Yes,Parallel,22,Yes,Mixed,High,No,Low,2,1030,Protected Bike Lane,"protected bikeway on both sides, added road markings which reduced on-street parking spots, shifted bikeway to leftmost lane",
site_id_30_1661,site_id_30,1661,Intervention,No,abbotsford st,30,20201108,NA,20201108,ProtectedBikeLane,,Yes,NoChange,Yes,NoChange,No,NoChange,No,NoChange,Yes,NoChange,Yes,Parallel,22,Yes,Mixed,High,No,Low,2,1030,Post-protected bike lane (no change),no change,
site_id_30_1661,site_id_30,1661,Intervention,No,abbotsford st,30,20210122,NA,20210122,ProtectedBikeLane,,Yes,NoChange,Yes,NoChange,No,NoChange,No,NoChange,Yes,NoChange,Yes,Parallel,22,Yes,Mixed,High,No,Low,2,1030,Post-protected bike lane (no change),no change,
site_id_30_1661,site_id_30,1661,Intervention,No,abbotsford st,30,20220914,NA,20220914,ProtectedBikeLane,,Yes,NoChange,Yes,NoChange,No,NoChange,No,NoChange,Yes,NoChange,Yes,Parallel,22,Yes,Mixed,High,No,Low,2,1030,Post-protected bike lane (no change),no change,
site_id_30_1661,site_id_30,1661,Intervention,No,abbotsford st,30,20230903,NA,20230903,ProtectedBikeLane,,Yes,NoChange,Yes,NoChange,No,NoChange,No,NoChange,Yes,NoChange,Yes,Parallel,22,Yes,Mixed,High,No,Low,2,1030,Post-protected bike lane (no change),no change,
site_id_30_1661,site_id_30,1661,Intervention,No,abbotsford st,30,20231110,20230903,20231110,ProtectedBikeLane,,Yes,NoChange,Yes,NoChange,No,NoChange,No,NoChange,Yes,NoChange,Yes,Parallel,22,Yes,Mixed,High,No,Low,2,1030,Post-protected bike lane (minor change),Unprotected bike lanes on both sides @ intersections,
site_id_30_1661,site_id_30,1661,Intervention,No,abbotsford st,30,20240203,NA,20240203,ProtectedBikeLane,,Yes,NoChange,Yes,NoChange,No,NoChange,No,NoChange,Yes,NoChange,Yes,Parallel,22,Yes,Mixed,High,No,Low,2,1030,Post-protected bike lane (no change),no change,
site_id_30_1662,site_id_30,1662,Intervention,Yes,abbotsford st,30,20091012,NA,NA,ProtectedBikeLane,,Yes,NA,Yes,NA,No,NA,No,NA,Yes,NA,Yes,Parallel,45,Yes,Parallel,High,No,Low,2,355,Painted bike lane,NA,
site_id_30_1662,site_id_30,1662,Intervention,No,abbotsford st,30,20110406,20110129,20110406,ProtectedBikeLane,,Yes,NoChange,Yes,NoChange,No,NoChange,No,NoChange,Yes,NoChange,Yes,Parallel,45,Yes,Parallel,High,No,Low,2,355,Pre-protected bike lane (minor change),Unprotected bikeway on both sides @ intersections,
site_id_30_1662,site_id_30,1662,Intervention,No,abbotsford st,30,20130621,20130508,20130621,ProtectedBikeLane,,Yes,NoChange,Yes,NoChange,No,NoChange,No,NoChange,Yes,NoChange,Yes,Parallel,25,Yes,Parallel,High,Yes,Low,2,355,Pre-protected bike lane (minor change),construction on SB so on-street parking was closed off - removing middle traffic islands,
site_id_30_1662,site_id_30,1662,Intervention,No,abbotsford st,30,20130904,20130621,20130904,ProtectedBikeLane,,Yes,Increase,Yes,NoChange,No,NoChange,No,NoChange,Yes,NoChange,Yes,Parallel,34,Yes,Parallel,High,Yes,Low,2,355,Protected Bike Lane,"added islands between bike lanes and on-street parking - increased trees, realigned bikeway to leftmost lane on both sides, protected bikeway on both sides",
site_id_30_1662,site_id_30,1662,Intervention,No,abbotsford st,30,20181019,NA,20181019,ProtectedBikeLane,,Yes,NoChange,Yes,NoChange,No,NoChange,No,NoChange,Yes,NoChange,Yes,Parallel,34,Yes,Parallel,High,Yes,Low,2,355,Post-protected bike lane (no change),no change,
site_id_30_1662,site_id_30,1662,Intervention,No,abbotsford st,30,20201102,NA,20201102,ProtectedBikeLane,,Yes,NoChange,Yes,NoChange,No,NoChange,No,NoChange,Yes,NoChange,Yes,Parallel,34,Yes,Parallel,High,Yes,Low,2,355,Post-protected bike lane (no change),no change,
site_id_30_1662,site_id_30,1662,Intervention,No,abbotsford st,30,20201108,NA,20201108,ProtectedBikeLane,,Yes,NoChange,Yes,NoChange,No,NoChange,No,NoChange,Yes,NoChange,Yes,Parallel,34,Yes,Parallel,High,Yes,Low,2,355,Post-protected bike lane (no change),no change,
site_id_30_1662,site_id_30,1662,Intervention,No,abbotsford st,30,20210122,NA,20210122,ProtectedBikeLane,,Yes,NoChange,Yes,NoChange,No,NoChange,No,NoChange,Yes,NoChange,Yes,Parallel,34,Yes,Parallel,High,Yes,Low,2,355,Post-protected bike lane (no change),no change,
site_id_30_1662,site_id_30,1662,Intervention,No,abbotsford st,30,20220914,NA,20220914,ProtectedBikeLane,,Yes,NoChange,Yes,NoChange,No,NoChange,No,NoChange,Yes,NoChange,Yes,Parallel,34,Yes,Parallel,High,Yes,Low,2,355,Post-protected bike lane (no change),no change,
site_id_30_1662,site_id_30,1662,Intervention,No,abbotsford st,30,20230903,NA,20230903,ProtectedBikeLane,,Yes,NoChange,Yes,NoChange,No,NoChange,No,NoChange,Yes,NoChange,Yes,Parallel,34,Yes,Parallel,High,Yes,Low,2,355,Post-protected bike lane (no change),no change,
site_id_30_1662,site_id_30,1662,Intervention,No,abbotsford st,30,20231110,NA,20231110,ProtectedBikeLane,,Yes,NoChange,Yes,NoChange,No,NoChange,No,NoChange,Yes,NoChange,Yes,Parallel,34,Yes,Parallel,High,Yes,Low,2,355,Post-protected bike lane (no change),no change,
site_id_30_1662,site_id_30,1662,Intervention,No,abbotsford st,30,20240203,NA,20240203,ProtectedBikeLane,,Yes,NoChange,Yes,NoChange,No,NoChange,No,NoChange,Yes,NoChange,Yes,Parallel,34,Yes,Parallel,High,Yes,Low,2,355,Post-protected bike lane (no change),no change,
site_id_30_1663,site_id_30,1663,Intervention,Yes,abbotsford st,30,20091012,NA,NA,ProtectedBikeLane,,Yes,NA,Yes,NA,No,NA,No,NA,Yes,NA,Yes,Parallel,13,Yes,Mixed,Medium,No,Low,2,455,Painted bike lane,NA,
site_id_30_1663,site_id_30,1663,Intervention,No,abbotsford st,30,20110406,20110129,20110406,ProtectedBikeLane,,Yes,NoChange,Yes,NoChange,No,NoChange,No,NoChange,Yes,NoChange,Yes,Parallel,13,Yes,Mixed,Medium,No,Low,2,455,Pre-protected bike lane (minor change),Unprotected bikeway on both sides @ intersections,
site_id_30_1663,site_id_30,1663,Intervention,No,abbotsford st,30,20130621,20130508,20130621,ProtectedBikeLane,,Yes,NoChange,Yes,NoChange,No,NoChange,No,NoChange,Yes,NoChange,Yes,Parallel,10,Yes,Mixed,Medium,No,Low,2,455,Pre-protected bike lane (minor change),construction on SB and middle of road so on-street parking was closed off,
site_id_30_1663,site_id_30,1663,Intervention,No,abbotsford st,30,20130904,20130621,20130904,ProtectedBikeLane,,Yes,Increase,Yes,NoChange,No,NoChange,No,NoChange,Yes,NoChange,Yes,Parallel,5,Yes,Mixed,Medium,No,Low,2,455,Protected Bike Lane,"removed middle traffic islands between victoria st and silk pl, added islands between bike lanes and on-street parking, reduced on-street parking as road becomes narrower, realigned bikeway to leftmost lane on both sides",
site_id_30_1663,site_id_30,1663,Intervention,No,abbotsford st,30,20181019,20180823,20181019,ProtectedBikeLane,,Yes,NoChange,Yes,NoChange,No,NoChange,No,NoChange,Yes,NoChange,Yes,Parallel,4,Yes,Mixed,Medium,No,Low,2,455,Post-protected bike lane (minor change),removed one on-street parking spot to lengthen turning lane ,
site_id_30_1663,site_id_30,1663,Intervention,No,abbotsford st,30,20201102,NA,20201102,ProtectedBikeLane,,Yes,NoChange,Yes,NoChange,No,NoChange,No,NoChange,Yes,NoChange,Yes,Parallel,4,Yes,Mixed,Medium,No,Low,2,455,Post-protected bike lane (no change),no change,
site_id_30_1663,site_id_30,1663,Intervention,No,abbotsford st,30,20201108,NA,20201108,ProtectedBikeLane,,Yes,NoChange,Yes,NoChange,No,NoChange,No,NoChange,Yes,NoChange,Yes,Parallel,4,Yes,Mixed,Medium,No,Low,2,455,Post-protected bike lane (no change),no change,
site_id_30_1663,site_id_30,1663,Intervention,No,abbotsford st,30,20210122,NA,20210122,ProtectedBikeLane,,Yes,NoChange,Yes,NoChange,No,NoChange,No,NoChange,Yes,NoChange,Yes,Parallel,4,Yes,Mixed,Medium,No,Low,2,455,Post-protected bike lane (no change),no change,
site_id_30_1663,site_id_30,1663,Intervention,No,abbotsford st,30,20220914,NA,20220914,ProtectedBikeLane,,Yes,NoChange,Yes,NoChange,No,NoChange,No,NoChange,Yes,NoChange,Yes,Parallel,4,Yes,Mixed,Medium,No,Low,2,455,Post-protected bike lane (no change),no change,
site_id_30_1663,site_id_30,1663,Intervention,No,abbotsford st,30,20230903,NA,20230903,ProtectedBikeLane,,Yes,NoChange,Yes,NoChange,No,NoChange,No,NoChange,Yes,NoChange,Yes,Parallel,4,Yes,Mixed,Medium,No,Low,2,455,Post-protected bike lane (no change),no change,
site_id_30_1663,site_id_30,1663,Intervention,No,abbotsford st,30,20231110,NA,20231110,ProtectedBikeLane,,Yes,NoChange,Yes,NoChange,No,NoChange,No,NoChange,Yes,NoChange,Yes,Parallel,4,Yes,Mixed,Medium,No,Low,2,455,Post-protected bike lane (no change),no change,
site_id_30_1663,site_id_30,1663,Intervention,No,abbotsford st,30,20240203,NA,20240203,ProtectedBikeLane,,Yes,NoChange,Yes,NoChange,No,NoChange,No,NoChange,Yes,NoChange,Yes,Parallel,4,Yes,Mixed,Medium,No,Low,2,455,Post-protected bike lane (no change),no change,
site_id_31_6388,site_id_31,6388,Intervention,Yes,PEEL STREET,NA,20200907,NA,NA,ProtectedBikeLane,NA,Yes,NA,Yes,NA,Yes,NA,No,NA,No,NA,Yes,Parallel,13,Yes,Mixed,High,Yes,High,4,7170,No bike lane of any type,Bike Lane SB only,"Polygon cuts through a large carpark. Recorded as ""Medium"" offstreet parking, but could be ""High"" if considering the carparking inside the same lot but outside the buffer"
site_id_31_6388,site_id_31,6388,Intervention,No,PEEL STREET,NA,20210311,20200907,20210311,ProtectedBikeLane,NA,Yes,NoChange,Yes,NoChange,Yes,NoChange,No,NoChange,No,NoChange,Yes,Parallel,13,Yes,Mixed,High,Yes,High,4,7170,Painted bike lane,Bike Lane SB only,"Polygon cuts through a large carpark. Recorded as ""Medium"" offstreet parking, but could be ""High"" if considering the carparking inside the same lot but outside the buffer"
site_id_31_6388,site_id_31,6388,Intervention,No,PEEL STREET,NA,20210429,20210311,20210429,ProtectedBikeLane,NA,Yes,NoChange,Yes,NoChange,Yes,NoChange,No,NoChange,No,NoChange,Yes,Parallel,13,Yes,Mixed,High,Yes,High,4,7170,Pre-protected bike lane (no change),no change,"Polygon cuts through a large carpark. Recorded as ""Medium"" offstreet parking, but could be ""High"" if considering the carparking inside the same lot but outside the buffer"
site_id_31_6388,site_id_31,6388,Intervention,No,PEEL STREET,NA,20210621,20210429,20210621,ProtectedBikeLane,NA,Yes,NoChange,Yes,NoChange,Yes,NoChange,No,NoChange,No,NoChange,Yes,Parallel,13,Yes,Mixed,High,Yes,High,4,7170,Protected bike lane (open one direction),Protected Bike Lane SB only,"Polygon cuts through a large carpark. Recorded as ""Medium"" offstreet parking, but could be ""High"" if considering the carparking inside the same lot but outside the buffer"
site_id_31_6388,site_id_31,6388,Intervention,No,PEEL STREET,NA,20210901,20210621,20210901,ProtectedBikeLane,NA,Yes,NoChange,Yes,NoChange,Yes,NoChange,No,NoChange,No,NoChange,Yes,Parallel,5,Yes,Mixed,High,Yes,High,4,7170,Protected bike lane (open one direction),Protected Bike Lane Both Directions,"Polygon cuts through a large carpark. Recorded as ""Medium"" offstreet parking, but could be ""High"" if considering the carparking inside the same lot but outside the buffer"
site_id_31_6389,site_id_31,6389,Intervention,Yes,PEEL STREET,NA,20200907,NA,NA,ProtectedBikeLane,NA,Yes,NA,Yes,NA,Yes,NA,No,NA,No,NA,Yes,Parallel,34,Yes,Mixed,High,No,None,4,3810,Painted bike lane,Bike Lane both directions,
site_id_31_6389,site_id_31,6389,Intervention,No,PEEL STREET,NA,20210311,20200907,20210311,ProtectedBikeLane,NA,Yes,NoChange,Yes,NoChange,Yes,NoChange,No,NoChange,No,NoChange,Yes,Parallel,34,Yes,Mixed,High,No,None,4,3810,Pre-protected bike lane (no change),no change,
site_id_31_6389,site_id_31,6389,Intervention,No,PEEL STREET,NA,20210429,20210311,20210429,ProtectedBikeLane,NA,Yes,NoChange,Yes,NoChange,Yes,NoChange,No,NoChange,No,NoChange,Yes,Parallel,16,Yes,Mixed,High,No,None,4,3810,Protected bike lane,Protected Bike Lane,
site_id_31_6389,site_id_31,6389,Intervention,No,PEEL STREET,NA,20210621,20210429,20210621,ProtectedBikeLane,NA,Yes,NoChange,Yes,NoChange,Yes,NoChange,No,NoChange,No,NoChange,Yes,Parallel,16,Yes,Mixed,High,No,None,4,3810,Post-protected bike lane (no change),no change,
site_id_31_6389,site_id_31,6389,Intervention,No,PEEL STREET,NA,20210901,20210621,20210901,ProtectedBikeLane,NA,Yes,NoChange,Yes,NoChange,Yes,NoChange,No,NoChange,No,NoChange,Yes,Parallel,16,Yes,Mixed,High,No,None,4,3810,Post-protected bike lane (no change),no change,
site_id_32_9168,site_id_32,9168,Intervention,Yes,ELIZABETH STREET,,20120412,NA,NA,NA,,Yes,NA,Yes,NA,No,NA,No,NA,No,NA,Yes,Parallel,136,Yes,Parallel,Medium,Yes,High,2,2300,Painted bike lane,Unprotected bike lane at intersections,2x carparks in area + an aldi parking
site_id_32_9168,site_id_32,9168,Intervention,No,ELIZABETH STREET,,20120708,20120412,20120708,ProtectedBikeLane,,Yes,NoChange,Yes,NoChange,No,NoChange,No,NoChange,No,NoChange,Yes,Parallel,136,Yes,Parallel,Medium,Yes,High,2,2300,Pre-protected bike lane (minor change),Unprotected bike lane at intersections,2x carparks in area + an aldi parking
site_id_32_9168,site_id_32,9168,Intervention,No,ELIZABETH STREET,,20200907,20200604,20200907,ProtectedBikeLane,,Yes,NoChange,Yes,NoChange,No,NoChange,No,NoChange,No,NoChange,Yes,Parallel,75,Yes,Parallel,Medium,Yes,High,2,2300,Protected bike lane,"Protected Bike Lane, carparks repositioned",2x carparks in area + an aldi parking
site_id_33_7658,site_id_33,7658,Intervention,Yes,dawson st,,20210502,NA,NA,ProtectedBikeLane,,Yes,NA,Yes,NA,Yes,NA,No,NA,Yes,NA,Yes,Parallel,106,Yes,Mixed,Medium,Yes,Medium,2,2325,Painted bike lane,NA,woolies + coles parking
site_id_33_7658,site_id_33,7658,Intervention,No,dawson st,,20210901,20210502,20210901,ProtectedBikeLane,,Yes,NoChange,Yes,NoChange,Yes,NoChange,No,NA,Yes,NoChange,Yes,Parallel,82,Yes,Mixed,Medium,Yes,Medium,2,2325,Protected bike lane,protected bike lane which reduced on-street parking spots,woolies + coles parking
site_id_34_3124,site_id_34,3124,Intervention,Yes,Kavanagh St,,20210429,NA,NA,ProtectedBikeLane,,Yes,NA,Yes,NA,Yes,NA,No,NA,Yes,NA,Yes,Mixed,50,Yes,Parallel,Low,Yes,Low,2,3700,Painted bike lane,NA,
site_id_34_3124,site_id_34,3124,Intervention,No,Kavanagh St,,20210621,20210429,20210621,ProtectedBikeLane,,Yes,NoChange,Yes,NoChange,Yes,NoChange,No,NA,Yes,NoChange,Yes,Parallel,34,Yes,Parallel,Low,Yes,Low,2,3700,Protected bike lane,Bike lanes are separated from traffic,
site_id_35_4751,site_id_35,4751,Intervention,Yes,FRENCH STREET,,20160320,NA,NA,ProtectedBikeLane,,Yes,NA,Yes,NA,No,NA,No,NA,No,NA,Yes,Parallel,0,Yes,90 Degree,High,Yes,High,4,1770,No bike lane of any type,No Cycle Lane,NA
site_id_35_4751,site_id_35,4751,Intervention,No,FRENCH STREET,,20161008,NA,NA,ProtectedBikeLane,,Yes,NoChange,Yes,NoChange,No,NoChange,No,NoChange,No,NoChange,Yes,Parallel,0,Yes,90 Degree,High,Yes,High,4,1770,No bike lane of any type,No Cycle Lane,NA
site_id_35_4751,site_id_35,4751,Intervention,No,FRENCH STREET,,20180823,20180404,20180823,ProtectedBikeLane,,Yes,NoChange,Yes,NoChange,No,NoChange,No,NoChange,No,NoChange,Yes,Parallel,3,Yes,90 Degree,High,Yes,High,2,1770,Painted bike lane,Unprotected Cycle Lane,NA
site_id_35_4751,site_id_35,4751,Intervention,No,FRENCH STREET,,20211224,20211027,20211224,ProtectedBikeLane,,Yes,NoChange,Yes,NoChange,No,NoChange,No,NoChange,No,NoChange,Yes,Parallel,0,Yes,90 Degree,High,Yes,High,2,1770,Protected bike lane,Protected Cycle Lane,NA
site_id_35_4752,site_id_35,4752,Intervention,Yes,FRENCH STREET,,20160320,NA,NA,ProtectedBikeLane,,Yes,NA,Yes,NA,No,NA,No,NA,No,NA,Yes,Parallel,0,Yes,Angled,High,Yes,Medium,4,1860,No bike lane of any type,No Cycle Lane,NA
site_id_35_4752,site_id_35,4752,Intervention,No,FRENCH STREET,,20161008,20160320,20161008,ProtectedBikeLane,,Yes,NoChange,Yes,NoChange,No,NoChange,No,NoChange,No,NoChange,Yes,Parallel,0,Yes,Angled,High,Yes,Medium,2,1860,Painted bike lane,Unprotected Cycle Lane,NA
site_id_35_4752,site_id_35,4752,Intervention,No,FRENCH STREET,,20180823,NA,NA,ProtectedBikeLane,,Yes,NoChange,Yes,NoChange,No,NoChange,No,NoChange,No,NoChange,Yes,Parallel,3,Yes,Angled,High,Yes,Medium,2,1860,Pre-protected bike lane (no change),No Change,NA
site_id_35_4752,site_id_35,4752,Intervention,No,FRENCH STREET,,20211224,20211027,20211224,ProtectedBikeLane,,Yes,NoChange,Yes,NoChange,No,NoChange,No,NoChange,No,NoChange,Yes,Parallel,0,Yes,Angled,High,Yes,Medium,2,1860,Protected bike lane,Protected Cycle Lane,NA
site_id_36_858,site_id_36,858,Intervention,Yes,RATHDOWNE STREET,NA,20210122,NA,NA,ProtectedBikeLane,NA,Yes,NA,Yes,NA,Yes,NA,No,NA,No,NA,Yes,Parallel,74,Yes,Mixed,High,Yes,High,4,3520,Painted bike lane,Bike Lanes both directions with no protection,
site_id_36_858,site_id_36,858,Intervention,No,RATHDOWNE STREET,NA,20210429,20210122,20210429,ProtectedBikeLane,NA,Yes,NoChange,Yes,NoChange,Yes,NoChange,No,NoChange,No,NoChange,Yes,Parallel,64,Yes,Mixed,High,Yes,High,4,3520,Protected bike lane,Protected Bike Lane Both Directions,
site_id_36_859,site_id_36,859,Intervention,Yes,RATHDOWNE STREET,NA,20210122,NA,NA,ProtectedBikeLane,NA,Yes,NA,Yes,NA,Yes,NA,No,NA,Yes,NA,Yes,Parallel,42,Yes,Parallel,High,Yes,None,4,3900,Painted bike lane,Bike Lanes both directions with no protection,
site_id_36_859,site_id_36,859,Intervention,No,RATHDOWNE STREET,NA,20210429,NA,NA,ProtectedBikeLane,NA,Yes,NoChange,Yes,NoChange,Yes,NoChange,No,NoChange,Yes,NoChange,Yes,Parallel,13,Yes,Parallel,High,Yes,None,4,3900,Protected bike lane,Protected Bike Lane Both Directions,
site_id_39_5629,site_id_39,5629,Intervention,Yes,SOUTHBANK BOULEVARD,,20180404,NA,NA,ProtectedBikeLane,,Yes,NA,Yes,NA,Yes,NA,No,NA,Yes,NA,Yes,Parallel,4,No,None,Low,Yes,Medium,4,12080,No bike lane of any type,NA,
site_id_39_5637,site_id_39,5637,Intervention,Yes,SOUTHBANK BOULEVARD,,20180404,NA,NA,ProtectedBikeLane,,Yes,NA,Yes,NA,Yes,NA,No,NA,Yes,NA,No,None,0,Yes,Mixed,Low,Yes,Medium,4,9590,No bike lane of any type,NA,
site_id_39_5638,site_id_39,5638,Intervention,Yes,SOUTHBANK BOULEVARD,,20180404,NA,NA,ProtectedBikeLane,,Yes,NA,Yes,NA,Yes,NA,No,NA,Yes,NA,Yes,Parallel,13,Yes,Mixed,Low,Yes,Medium,4,5150,No bike lane of any type,NA,
site_id_39_5639,site_id_39,5639,Intervention,Yes,SOUTHBANK BOULEVARD,,20180404,NA,NA,ProtectedBikeLane,,Yes,NA,Yes,NA,Yes,NA,No,NA,Yes,NA,Yes,Parallel,2,Yes,Mixed,Low,No,Low,4,4800,No bike lane of any type,NA,
site_id_39_5640,site_id_39,5640,Intervention,Yes,SOUTHBANK BOULEVARD,,20180404,NA,NA,ProtectedBikeLane,,Yes,NA,Yes,NA,Yes,NA,No,NA,Yes,NA,Yes,Parallel,6,Yes,Mixed,Low,Yes,Medium,4,6420,No bike lane of any type,NA,
site_id_39_5629,site_id_39,5629,Intervention,No,SOUTHBANK BOULEVARD,,20191217,20180404,20191217,ProtectedBikeLane,,Yes,NoChange,Yes,NoChange,Yes,NoChange,No,NoChange,Yes,NoChange,Yes,Parallel,4,No,None,Low,Yes,Medium,4,12080,No bike lane of any type,Bike lanes are separated from traffic,
site_id_39_5637,site_id_39,5637,Intervention,No,SOUTHBANK BOULEVARD,,20191217,20180404,20191217,ProtectedBikeLane,,Yes,Decrease,Yes,NoChange,Yes,NoChange,No,NoChange,Yes,NoChange,No,None,0,Yes,Mixed,Low,Yes,Medium,4,9590,Protected bike lane,Bike lanes are separated from traffic,
site_id_39_5638,site_id_39,5638,Intervention,No,SOUTHBANK BOULEVARD,,20191217,20180404,20191217,ProtectedBikeLane,,Yes,Decrease,Yes,NoChange,Yes,NoChange,No,NoChange,Yes,NoChange,Yes,Parallel,7,Yes,Mixed,Low,Yes,Medium,4,5150,Protected bike lane,Bike lanes are separated from traffic,
site_id_39_5638,site_id_39,5638,Intervention,No,SOUTHBANK BOULEVARD,,20191217,20181019,20190111,ProtectedBikeLane,,,,,,,,,,,,,,,,,,,,,,Protected bike lane construction,,
site_id_39_5639,site_id_39,5639,Intervention,No,SOUTHBANK BOULEVARD,,20191217,20180404,20191217,ProtectedBikeLane,,Yes,Decrease,Yes,NoChange,Yes,NoChange,No,NoChange,Yes,NoChange,Yes,Parallel,0,Yes,Mixed,Low,No,Low,3,4800,Painted bike lane,Construction in progress,
site_id_39_5640,site_id_39,5640,Intervention,No,SOUTHBANK BOULEVARD,,20191217,20180404,20191217,ProtectedBikeLane,,Yes,Decrease,Yes,Increase,Yes,Increase,No,NoChange,Yes,NoChange,No,Parallel,0,Yes,Mixed,Low,Yes,Medium,4,6420,Protected bike lane ,Bike lanes are separated from traffic,
site_id_39_5640,site_id_39,5640,Intervention,No,SOUTHBANK BOULEVARD,,20191217,20190407,20190831,ProtectedBikeLane,,,,,,,,,,,,,,,,,,,,,,Protected bike lane construction,,
site_id_39_5629,site_id_39,5629,Intervention,No,SOUTHBANK BOULEVARD,,20210311,20191217,20210311,ProtectedBikeLane,,Yes,NoChange,Yes,Increase,Yes,Increase,No,NoChange,Yes,NoChange,Yes,Parallel,4,No,None,Low,Yes,Medium,4,12080,Painted bike lane,Bike lanes are separated from traffic,
site_id_39_5637,site_id_39,5637,Intervention,No,SOUTHBANK BOULEVARD,,20210311,20191217,20210311,ProtectedBikeLane,,Yes,NoChange,Yes,NoChange,Yes,NoChange,No,NoChange,Yes,NoChange,Yes,Parallel,0,Yes,Mixed,Low,Yes,Medium,4,9590,Post-protected bike lane (bike lane alignment change),streetscape improvement - constructioni n progress,
site_id_39_5637,site_id_39,5637,Intervention,No,SOUTHBANK BOULEVARD,,20210311,20190831,20191217,ProtectedBikeLane,,,,,,,,,,,,,,,,,,,,,,Protected bike lane construction,,
site_id_39_5638,site_id_39,5638,Intervention,No,SOUTHBANK BOULEVARD,,20210311,20191217,20210311,ProtectedBikeLane,,Yes,Decrease,Yes,NoChange,Yes,NoChange,No,NoChange,Yes,NoChange,Yes,Parallel,5,Yes,Mixed,Low,Yes,Medium,4,5150,Post-protected bike lane (other change),streetscape improvement - constructioni n progress,
site_id_39_5639,site_id_39,5639,Intervention,No,SOUTHBANK BOULEVARD,,20210311,20191217,20210311,ProtectedBikeLane,,Yes,Increase,Yes,Increase,Yes,Increase,Yes,Increase,Yes,NoChange,Yes,Parallel,0,Yes,Mixed,Low,No,Low,4,4800,Protected Bike Lane,streetscape improvement,
site_id_39_5639,site_id_39,5639,Intervention,No,SOUTHBANK BOULEVARD,,20210311,20190407,20190831,ProtectedBikeLane,,,,,,,,,,,,,,,,,,,,,,Protected bike lane construction,,
site_id_39_5640,site_id_39,5640,Intervention,No,SOUTHBANK BOULEVARD,,20210311,20191217,20210311,ProtectedBikeLane,,Yes,NoChange,Yes,Increase,Yes,Increase,No,NoChange,Yes,NoChange,Yes,Parallel,0,Yes,Mixed,Low,Yes,Medium,4,6420,Post-protected bike lane (other change),NA,
site_id_39_5629,site_id_39,5629,Intervention,No,SOUTHBANK BOULEVARD,,20230101,20220212,20220417,ProtectedBikeLane,,,,,,,,,,,,,,,,,,,,,,Protected bike lane construction,,
site_id_39_5629,site_id_39,5629,Intervention,No,SOUTHBANK BOULEVARD,,20230101,20210311,20230101,ProtectedBikeLane,,Yes,NoChange,Yes,NoChange,Yes,NoChange,No,NoChange,Yes,NoChange,Yes,Parallel,4,No,None,Low,Yes,Medium,4,12080,Protected bike lane,NA,
site_id_39_5637,site_id_39,5637,Intervention,No,SOUTHBANK BOULEVARD,,20230101,20210311,20230101,ProtectedBikeLane,,Yes,Increase,Yes,Increase,Yes,Increase,Yes,Increase,Yes,NoChange,Yes,Parallel,0,Yes,Mixed,Low,Yes,Medium,4,9590,Post-protected bike lane (no change),streetscape improvement,
site_id_39_5638,site_id_39,5638,Intervention,No,SOUTHBANK BOULEVARD,,20230101,20210311,20230101,ProtectedBikeLane,,Yes,Increase,Yes,Increase,Yes,Increase,Yes,Increase,Yes,NoChange,Yes,Parallel,5,Yes,Mixed,Low,Yes,Medium,4,5150,Post-protected bike lane (no change),streetscape improvement,
site_id_39_5639,site_id_39,5639,Intervention,No,SOUTHBANK BOULEVARD,,20230101,20210311,20230101,ProtectedBikeLane,,Yes,NoChange,Yes,NoChange,Yes,NoChange,Yes,NoChange,Yes,NoChange,Yes,Parallel,0,Yes,Mixed,Low,No,Low,4,4800,Post-protected bike lane (no change),NA,
site_id_39_5640,site_id_39,5640,Intervention,No,SOUTHBANK BOULEVARD,,20230101,20210311,20230101,ProtectedBikeLane,,Yes,NoChange,Yes,NoChange,Yes,NoChange,No,NoChange,Yes,NoChange,Yes,Parallel,0,Yes,Mixed,Low,Yes,Medium,4,6420,Post-protected bike lane (no change),NA,
site_id_4_3536,site_id_4,3536,Intervention,Yes,PIER STREET,,20200907,NA,NA,NA,,Yes,NA,Yes,NA,No,NA,No,NA,No,NA,Yes,Parallel,15,Yes,Mixed,High,Yes,Medium,2,2990,Baseline pedestrianisation,Pedestrianisation of Pier St,
site_id_4_3536,site_id_4,3536,Intervention,No,PIER STREET,,20201108,20200907,20201108,Pedestrianisation,,Yes,NoChange,Yes,NoChange,Yes,Increase,Yes,Increase,No,NoChange,Yes,Parallel,0,Yes,Mixed,High,Yes,Medium,2,2990,Pedestrianisation,Pedestrianisation of Pier St,
site_id_40_6624,site_id_40,6624,Intervention,Yes,st kilda rd nth,,20130621,NA,NA,ProtectedBikeLane,,Yes,NA,Yes,NA,Yes,NA,Yes,NA,Yes,NA,Yes,Parallel,95,Yes,Mixed,High,No,None,6,7185,Painted bike lane,Unprotected Bike Lane,
site_id_40_6624,site_id_40,6624,Intervention,No,st kilda rd nth,,20150913,20150517,20150913,ProtectedBikeLane,,Yes,NA,Yes,NA,Yes,NA,Yes,NA,Yes,NA,Yes,Parallel,85,Yes,Mixed,High,No,None,6,7185,Pre-protected bike lane (minor change),Tram stop upgrade,
site_id_40_6624,site_id_40,6624,Intervention,No,st kilda rd nth,,20180823,20180217,20180823,ProtectedBikeLane,,Yes,NA,Yes,NA,Yes,NA,Yes,NA,Yes,NA,Yes,Parallel,66,Yes,Mixed,High,No,None,6,7185,Pre-protected bike lane (minor change),bike lane realignment,
site_id_40_6624,site_id_40,6624,Intervention,No,st kilda rd nth,,20200907,NA,NA,ProtectedBikeLane,,Yes,NA,Yes,NA,Yes,NA,Yes,NA,Yes,NA,Yes,Parallel,68,Yes,Mixed,High,No,None,6,7185,Pre-protected bike lane (no change),No Change,
site_id_40_6624,site_id_40,6624,Intervention,No,st kilda rd nth,,20210311,NA,NA,ProtectedBikeLane,,Yes,NA,Yes,NA,Yes,NA,Yes,NA,Yes,NA,Yes,Parallel,75,Yes,Mixed,High,No,None,6,7185,Pre-protected bike lane (no change),No Change,
site_id_40_6624,site_id_40,6624,Intervention,No,st kilda rd nth,,20221203,20220914,20221203,ProtectedBikeLane,,Yes,NA,Yes,NA,Yes,NA,Yes,NA,Yes,NA,Yes,Parallel,69,Yes,Mixed,High,No,None,4,7185,Protected Bike Lane,Protected cycle lane,
site_id_40_6624,site_id_40,6624,Intervention,No,st kilda rd nth,,20240723,NA,NA,ProtectedBikeLane,,Yes,NA,Yes,NA,Yes,NA,Yes,NA,Yes,NA,Yes,Parallel,69,Yes,Mixed,High,No,None,4,7185,Post-protected bike lane (no change),No Change,
site_id_40_6625,site_id_40,6625,Intervention,Yes,st kilda rd nth,,20130621,NA,NA,ProtectedBikeLane,,Yes,NoChange,Yes,NoChange,Yes,NoChange,Yes,NoChange,Yes,NoChange,Yes,Parallel,38,Yes,Mixed,Medium,No,None,6,6255,Painted bike lane,Unprotected Bike Lane,
site_id_40_6625,site_id_40,6625,Intervention,No,st kilda rd nth,,20150913,NA,NA,ProtectedBikeLane,,Yes,NoChange,Yes,NoChange,Yes,NoChange,Yes,NoChange,Yes,NoChange,Yes,Parallel,38,Yes,Mixed,Medium,No,None,6,6255,Pre protected bike lane (no change),No Change,
site_id_40_6625,site_id_40,6625,Intervention,No,st kilda rd nth,,20180823,NA,NA,ProtectedBikeLane,,Yes,NoChange,Yes,NoChange,Yes,NoChange,Yes,NoChange,Yes,NoChange,Yes,Parallel,25,Yes,Mixed,Medium,No,None,6,6255,Pre-protected bike lane (minor change),No Change,
site_id_40_6625,site_id_40,6625,Intervention,No,st kilda rd nth,,20200907,NA,NA,ProtectedBikeLane,,Yes,NoChange,Yes,NoChange,Yes,NoChange,Yes,NoChange,Yes,NoChange,Yes,Parallel,25,Yes,Mixed,Medium,No,None,6,6255,Pre-protected bike lane (no change),No Change,
site_id_40_6625,site_id_40,6625,Intervention,No,st kilda rd nth,,20210311,NA,NA,ProtectedBikeLane,,Yes,NoChange,Yes,NoChange,Yes,NoChange,Yes,NoChange,Yes,NoChange,Yes,Parallel,31,Yes,Mixed,Medium,No,None,6,6255,Pre-protected bike lane (no change),No Change,
site_id_40_6625,site_id_40,6625,Intervention,No,st kilda rd nth,,20221203,20220914,20221203,ProtectedBikeLane,,Yes,NoChange,Yes,NoChange,Yes,NoChange,Yes,NoChange,Yes,NoChange,Yes,Parallel,37,Yes,Mixed,Medium,No,None,4,6255,Protected Bike Lane,Protected cycle lane,
site_id_40_6625,site_id_40,6625,Intervention,No,st kilda rd nth,,20240723,NA,NA,ProtectedBikeLane,,Yes,NoChange,Yes,NoChange,Yes,NoChange,Yes,NoChange,Yes,NoChange,Yes,Parallel,45,Yes,Mixed,Medium,No,None,4,6255,Post-protected bike lane (minor change),No Change,
site_id_40_6626,site_id_40,6626,Intervention,Yes,st kilda rd nth,,20130621,NA,NA,ProtectedBikeLane,,Yes,NoChange,Yes,NoChange,Yes,NoChange,Yes,NoChange,Yes,NoChange,Yes,Parallel,196,Yes,Mixed,High,Yes,High,6,4910,Painted bike lane,Unprotected Bike Lane,
site_id_40_6626,site_id_40,6626,Intervention,No,st kilda rd nth,,20150913,20150517,20150913,ProtectedBikeLane,,Yes,NoChange,Yes,NoChange,Yes,NoChange,Yes,NoChange,Yes,NoChange,Yes,Parallel,185,Yes,Mixed,High,Yes,High,6,4910,Pre-protected bike lane (minor change),Tram stop upgrade,
site_id_40_6626,site_id_40,6626,Intervention,No,st kilda rd nth,,20180823,20180217,20180823,ProtectedBikeLane,,Yes,NoChange,Yes,NoChange,Yes,NoChange,Yes,NoChange,Yes,NoChange,Yes,Parallel,115,Yes,Mixed,High,Yes,High,6,4910,Pre-protected bike lane (minor change),bike lane realignment,
site_id_40_6626,site_id_40,6626,Intervention,No,st kilda rd nth,,20200907,NA,NA,ProtectedBikeLane,,Yes,NoChange,Yes,NoChange,Yes,NoChange,Yes,NoChange,Yes,NoChange,Yes,Parallel,115,Yes,Mixed,High,Yes,High,6,4910,Pre-protected bike lane (no change),no change,
site_id_40_6626,site_id_40,6626,Intervention,No,st kilda rd nth,,20210311,NA,NA,ProtectedBikeLane,,Yes,NoChange,Yes,NoChange,Yes,NoChange,Yes,NoChange,Yes,NoChange,Yes,Parallel,108,Yes,Mixed,High,Yes,High,6,4910,Pre-protected bike lane (no change),no change,
site_id_40_6626,site_id_40,6626,Intervention,No,st kilda rd nth,,20221203,20220914,20221203,ProtectedBikeLane,,,,,,,,,,,,,,,,,,,,,,Protected bike lane (open one direction),Protected cycle lane (SB),
site_id_40_6626,site_id_40,6626,Intervention,No,st kilda rd nth,,20230823,20220914,20230823,ProtectedBikeLane,,Yes,NoChange,Yes,NoChange,Yes,NoChange,Yes,NoChange,Yes,NoChange,Yes,Parallel,76,Yes,Mixed,High,Yes,High,4,4910,Protected bike lane (open one direction),Protected cycle lane (NB),
site_id_40_6626,site_id_40,6626,Intervention,No,st kilda rd nth,,20240723,20180217,20240723,ProtectedBikeLane,,Yes,NoChange,Yes,NoChange,Yes,NoChange,Yes,NoChange,Yes,NoChange,Yes,Parallel,173,Yes,Mixed,High,Yes,High,4,4910,Protected bike lane construction + other major construction,On going construction,
site_id_40_6626,site_id_40,6626,Intervention,No,st kilda rd nth,,20240723,20230823,20240723,ProtectedBikeLane,,,,,,,,,,,,,,,,,,,,,,Post-protected bike lane (no change),,
site_id_41_12021,site_id_41,12021,Intervention,Yes,Malop Street,,20170522,NA,NA,ProtectedBikeLane,,Yes,NA,Yes,NA,Yes,NA,No,NA,Yes,NA,Yes,Parallel,29,Yes,Parallel,High,Yes,High,2,5540,Painted bike lane,NA,
site_id_41_12021,site_id_41,12021,Intervention,No,Malop Street,,20180908,20170522,20180908,ProtectedBikeLane,,Yes,Decrease,Yes,NoChange,Yes,NA,No,NA,Yes,NoChange,Yes,Parallel,16,Yes,Parallel,High,Yes,High,2,5540,Protected Bike Lane,Bike lanes are separated from traffic,
site_id_41_12021,site_id_41,12021,Intervention,No,Malop Street,,20180908,20180322,20180908,ProtectedBikeLane,,,,,,,,,,,,,,,,,,,,,,Protected bike lane construction,,
site_id_42_123,site_id_42,123,Intervention,Yes,GHERINGHAP STREET,NA,20211006,NA,NA,ProtectedBikeLane,NA,Yes,NA,Yes,NA,Yes,NA,No,NA,No,NA,Yes,Mixed,42,Yes,Mixed,High,Yes,High,4,2290,No bike lane of any type,No Bike Lane,
site_id_42_123,site_id_42,123,Intervention,No,GHERINGHAP STREET,NA,20211122,20211006,20211122,ProtectedBikeLane,NA,Yes,NoChange,Yes,NoChange,Yes,NoChange,No,NoChange,No,NoChange,Yes,Parallel,27,Yes,Mixed,High,Yes,High,4,2290,Protected bike lane,Protected Bike Lane Both Directions,
site_id_42_123,site_id_42,123,Intervention,No,GHERINGHAP STREET,NA,20240423,20240204,20240423,ProtectedBikeLane,NA,Yes,NoChange,Yes,NoChange,Yes,NoChange,No,NoChange,No,NoChange,Yes,Parallel,27,Yes,Mixed,High,Yes,High,4,2290,Post-protected bike lane (no change),Protected Bike Lane Both Directions,
site_id_42_124,site_id_42,124,Intervention,Yes,GHERINGHAP STREET,NA,20211006,NA,NA,ProtectedBikeLane,NA,Yes,NA,Yes,NA,Yes,NA,No,NA,No,NA,Yes,Angled,58,Yes,Mixed,High,Yes,Medium,4,1890,No bike lane of any type,No Bike Lane,
site_id_42_124,site_id_42,124,Intervention,No,GHERINGHAP STREET,NA,20211122,20211006,20211122,ProtectedBikeLane,NA,Yes,NoChange,Yes,NoChange,Yes,NoChange,No,NoChange,No,NoChange,Yes,Angled,44,Yes,Mixed,High,Yes,Medium,2,1890,Protected bike lane (open one direction),"Protected Bike Lane, south Ryrie St NB only ",
site_id_42_124,site_id_42,124,Intervention,No,GHERINGHAP STREET,NA,20240423,20240204,20240423,ProtectedBikeLane,NA,Yes,NoChange,Yes,NoChange,Yes,NoChange,No,NoChange,No,NoChange,Yes,Mixed,46,Yes,Mixed,High,Yes,Medium,2,1890,Protected bike lane (open one direction),"Protected Bike Lane Both Directions, entire segment",
site_id_42_125,site_id_42,125,Intervention,Yes,GHERINGHAP STREET,NA,20211006,NA,NA,ProtectedBikeLane,NA,Yes,NA,Yes,NA,Yes,NA,No,NA,No,NA,Yes,Mixed,63,Yes,Mixed,High,Yes,None,4,1110,No bike lane of any type,No Bike Lane,
site_id_42_125,site_id_42,125,Intervention,No,GHERINGHAP STREET,NA,20211122,20211006,20211122,ProtectedBikeLane,NA,Yes,NoChange,Yes,NoChange,Yes,NoChange,No,NoChange,No,NoChange,Yes,Mixed,60,Yes,Mixed,High,Yes,None,2,1110,Protected bike lane,Protected Bike Lane Both Directions,
site_id_42_125,site_id_42,125,Intervention,No,GHERINGHAP STREET,NA,20240423,20240204,20240423,ProtectedBikeLane,NA,Yes,NoChange,Yes,NoChange,Yes,NoChange,No,NoChange,No,NoChange,Yes,Mixed,58,Yes,Mixed,High,Yes,None,2,1110,Post-protected bike lane (no change),Protected Bike Lane Both Directions,
site_id_43_10838,site_id_43,10838,Intervention,Yes,MOORABOOL STREET,,20151029,NA,NA,NA,,Yes,NA,Yes,NA,Yes,NA,No,NA,Yes,NA,Yes,Parallel,75,Yes,Mixed,High,Yes,High,4,640,No bike lane of any type,On-road Bike lane,Carparks and stadium carpark
site_id_43_10838,site_id_43,10838,Intervention,No,MOORABOOL STREET,,20161028,20151029,20161028,ProtectedBikeLane,,Yes,NoChange,Yes,NoChange,Yes,NoChange,No,NoChange,Yes,NoChange,Yes,Parallel,71,Yes,Mixed,High,Yes,High,4,640,Painted bike lane,On-road Bike lane,Carparks and stadium carpark
site_id_43_10838,site_id_43,10838,Intervention,No,MOORABOOL STREET,,20211122,20211006,20211122,ProtectedBikeLane,,Yes,NoChange,Yes,NoChange,Yes,NoChange,No,NoChange,Yes,NoChange,Yes,Parallel,23,Yes,Mixed,High,Yes,High,4,640,Protected bike lane,Protected bidirectional bike lane,Carparks and stadium carpark
site_id_44_5082,site_id_44,5082,Intervention,Yes,WALKER STREET,NA,20100416,NA,NA,ProtectedBikeLane,NA,Yes,NA,Yes,NA,Yes,NA,Yes,NA,No,NA,Yes,Parallel,16,Yes,Mixed,Medium,Yes,High,4,1120,No bike lane of any type,No Protected Bike Lane,Offstreet includes train commuter parking
site_id_44_5082,site_id_44,5082,Intervention,No,WALKER STREET,NA,20111117,20111018,20111117,ProtectedBikeLane,,,,,,,,,,,,,,,,,,,,,,Protected Bike Lane Construction,Date of impact to bikelane,"image capture taken at 20130213, as that was when all the bikelane arrows and markings were complete. Actual operation as of 20111117 - Offstreet includes train commuter parking"
site_id_44_5082,site_id_44,5082,Intervention,No,WALKER STREET,NA,20111117,20101120,20111117,ProtectedBikeLane,NA,Yes,Increase,Yes,Increase,Yes,Increase,Yes,NoChange,Yes,Increase,Yes,Parallel,18,Yes,Mixed,Medium,Yes,High,4,1120,Protected Bike Lane,,"image capture taken at 20130213, as that was when all the bikelane arrows and markings were complete. Actual operation as of 20111117 - Offstreet includes train commuter parking"
site_id_44_5082,site_id_44,5082,Intervention,No,WALKER STREET,NA,20140804,NA,NA,ProtectedBikeLane,NA,Yes,Increase,Yes,Increase,Yes,Increase,Yes,NoChange,Yes,Increase,Yes,Parallel,18,Yes,Mixed,Medium,Yes,High,4,1120,Post-protected bike lane (minor change),Protected Bike Lane,Offstreet includes train commuter parking
site_id_44_5083,site_id_44,5083,Intervention,Yes,WALKER STREET,NA,20100416,NA,NA,ProtectedBikeLane,NA,Yes,NA,Yes,NA,Yes,NA,Yes,NA,No,NA,Yes,Parallel,8,Yes,Mixed,Medium,Yes,High,4,1970,No bike lane of any type,No Protected Bike Lane,
site_id_44_5083,site_id_44,5083,Intervention,No,WALKER STREET,NA,20130213,20100622,20130213,ProtectedBikeLane,NA,No,Decrease,No,Decrease,No,Decrease,No,Decrease,No,NoChange,No,None,0,Yes,Mixed,Medium,Yes,High,4,1970,Protected bike lane construction + other major construction,Kerb Moved for Protected Bike Lane,
site_id_44_5083,site_id_44,5083,Intervention,No,WALKER STREET,NA,20140804,20130213,20140804,ProtectedBikeLane,NA,Yes,Increase,Yes,Increase,Yes,Increase,Yes,Increase,No,NoChange,No,None,0,Yes,Mixed,Medium,Yes,High,4,1970,Protected bike lane,Protected Bike Lane,
site_id_44_5083,site_id_44,5083,Intervention,No,WALKER STREET,NA,20140804,20140303,20140416,ProtectedBikeLane,,,,,,,,,,,,,,,,,,,,,,Protected Bike Lane Construction,,
site_id_45_8218,site_id_45,8218,Intervention,Yes,HEIDELBERG ROAD,,20201108,NA,NA,ProtectedBikeLane,,Yes,NA,Yes,NA,No,NA,No,NA,No,NA,Yes,Parallel,72,Yes,Parallel,High,Yes,Medium,6,430,Painted bike lane,No protected cycle lane,NA
site_id_45_8218,site_id_45,8218,Intervention,No,HEIDELBERG ROAD,,20210122,20201108,20210122,ProtectedBikeLane,,Yes,NoChange,Yes,NoChange,Yes,NoChange,Yes,NoChange,Yes,NoChange,Yes,Parallel,67,Yes,Parallel,High,Yes,Medium,4,430,Protected bike lane,Protected Cycle Lane with shared bus lane,NA
site_id_45_8219,site_id_45,8219,Intervention,Yes,HEIDELBERG ROAD,,20201108,NA,NA,ProtectedBikeLane,,Yes,NA,Yes,NA,No,NA,No,NA,No,NA,Yes,Parallel,6,Yes,Parallel,Low,Yes,Low,6,295,Painted bike lane,No protected cycle lane,NA
site_id_45_8219,site_id_45,8219,Intervention,No,HEIDELBERG ROAD,,20210122,20201108,20210122,ProtectedBikeLane,,Yes,NoChange,Yes,NoChange,Yes,NoChange,Yes,NoChange,Yes,NoChange,Yes,Parallel,6,Yes,Parallel,Low,Yes,Low,4,295,Protected bike lane,Protected Cycle Lane with shared bus lane,NA
site_id_45_8220,site_id_45,8220,Intervention,Yes,HEIDELBERG ROAD,,20201108,NA,NA,ProtectedBikeLane,,Yes,NA,Yes,NA,No,NA,No,NA,No,NA,Yes,Parallel,100,Yes,Parallel,Low,Yes,Medium,6,455,Painted bike lane,No protected cycle lane,NA
site_id_45_8220,site_id_45,8220,Intervention,No,HEIDELBERG ROAD,,20210122,20201108,20210122,ProtectedBikeLane,,Yes,NoChange,Yes,NoChange,Yes,NoChange,Yes,NoChange,Yes,NoChange,Yes,Parallel,81,Yes,Parallel,Low,Yes,Medium,4,455,Protected bike lane,Protected Cycle Lane with shared bus lane,NA
site_id_45_8221,site_id_45,8221,Intervention,Yes,HEIDELBERG ROAD,,20201108,NA,NA,ProtectedBikeLane,,Yes,NA,Yes,NA,No,NA,No,NA,No,NA,Yes,Parallel,16,Yes,Parallel,Low,Yes,None,6,570,Painted bike lane,No protected cycle lane,NA
site_id_45_8221,site_id_45,8221,Intervention,No,HEIDELBERG ROAD,,20210122,20201108,20210122,ProtectedBikeLane,,Yes,NoChange,Yes,NoChange,Yes,NoChange,Yes,NoChange,Yes,NoChange,Yes,Parallel,16,Yes,Parallel,Low,Yes,None,4,570,Protected bike lane,Protected Cycle Lane with shared bus lane,NA
site_id_5_9800,site_id_5,9800,Intervention,Yes,ALBERT STREET,,20091012,NA,NA,ProtectedBikeLane,,Yes,NA,Yes,NA,Yes,NA,No,NA,No,NA,Yes,Parallel,43,Yes,Parallel,Medium,Yes,High,4,7190,No bike lane of any type,No Protected Bike Lane,NA
site_id_5_9801,site_id_5,9801,Intervention,Yes,ALBERT STREET,,20091012,NA,NA,ProtectedBikeLane,,Yes,NA,Yes,NA,No,NA,No,NA,No,NA,Yes,Parallel,45,Yes,Parallel,High,Yes,Medium,4,2550,No bike lane of any type,No Protected Bike Lane,NA
site_id_5_9802,site_id_5,9802,Intervention,Yes,ALBERT STREET,,20091012,NA,NA,ProtectedBikeLane,,Yes,NA,Yes,NA,No,NA,No,NA,Yes,NA,Yes,Parallel,87,Yes,Parallel,High,No,None,4,1520,No bike lane of any type,No Protected Bike Lane,NA
site_id_5_9803,site_id_5,9803,Intervention,Yes,ALBERT STREET,,20091012,NA,NA,ProtectedBikeLane,,Yes,NA,Yes,NA,No,NA,No,NA,No,NA,Yes,Parallel,40,Yes,Parallel,High,Yes,Medium,4,1620,No bike lane of any type,No Protected Bike Lane,NA
site_id_5_9804,site_id_5,9804,Intervention,Yes,ALBERT STREET,,20091012,NA,NA,ProtectedBikeLane,,Yes,NA,Yes,NA,No,NA,No,NA,No,NA,Yes,Parallel,92,Yes,Parallel,High,No,None,4,1195,No bike lane of any type,No Protected Bike Lane,NA
site_id_5_9800,site_id_5,9800,Intervention,No,ALBERT STREET,,20100621,20100416,20100621,ProtectedBikeLane,,Yes,NoChange,Yes,NoChange,Yes,NoChange,No,NoChange,No,NoChange,Yes,Parallel,43,Yes,Parallel,Medium,Yes,High,4,7190,No bike lane of any type,No Protected Bike Lane,
site_id_5_9801,site_id_5,9801,Intervention,No,ALBERT STREET,,20100621,20100416,20100621,ProtectedBikeLane,,Yes,NoChange,Yes,NoChange,No,NoChange,No,NoChange,No,NoChange,Yes,Parallel,38,Yes,Parallel,High,Yes,Medium,4,2550,Painted bike lane,painted bile lane,
site_id_5_9802,site_id_5,9802,Intervention,No,ALBERT STREET,,20100621,20100416,20100621,ProtectedBikeLane,,Yes,NoChange,Yes,NoChange,No,NoChange,No,NoChange,Yes,NoChange,Yes,Parallel,91,Yes,Parallel,High,No,None,4,1520,Protected bike lane,Protected bike lane,
site_id_5_9803,site_id_5,9803,Intervention,No,ALBERT STREET,,20100621,20100416,20100621,ProtectedBikeLane,,Yes,NoChange,Yes,NoChange,No,NoChange,No,NoChange,No,NoChange,Yes,Parallel,43,Yes,Parallel,High,Yes,Medium,4,1620,Protected bike lane,Protected bike lane,
site_id_5_9801,site_id_5,9801,Intervention,No,ALBERT STREET,,20100621,20100416,20100621,ProtectedBikeLane,,Yes,NoChange,Yes,NoChange,No,NoChange,No,NoChange,No,NoChange,Yes,Parallel,92,Yes,Parallel,High,No,None,4,1195,Painted bike lane,Painted bike lane,
site_id_5_9800,site_id_5,9800,Intervention,No,ALBERT STREET,,20110628,NA,20110628,ProtectedBikeLane,,Yes,NoChange,Yes,NoChange,Yes,NoChange,No,NoChange,No,NoChange,Yes,Parallel,37,Yes,Parallel,Medium,Yes,High,4,7190,No bike lane of any type,No Protected Bike Lane,NA
site_id_5_9801,site_id_5,9801,Intervention,No,ALBERT STREET,,20110628,NA,NA,ProtectedBikeLane,,Yes,NoChange,Yes,NoChange,No,NoChange,No,NoChange,No,NoChange,Yes,Parallel,38,Yes,Parallel,High,Yes,Medium,4,2550,Pre-protected bike lane (no change),No Change,NA
site_id_5_9802,site_id_5,9802,Intervention,No,ALBERT STREET,,20110628,NA,NA,ProtectedBikeLane,,Yes,NoChange,Yes,NoChange,No,NoChange,No,NoChange,Yes,NoChange,Yes,Parallel,91,Yes,Parallel,High,No,None,4,1520,Post-protected bike lane (no change),No Change,NA
site_id_5_9803,site_id_5,9803,Intervention,No,ALBERT STREET,,20110628,20110406,20110628,ProtectedBikeLane,,Yes,NoChange,Yes,NoChange,No,NoChange,No,NoChange,No,NoChange,Yes,Parallel,43,Yes,Parallel,High,Yes,Medium,4,1620,Post-protected bike lane (no change),No Change,NA
site_id_5_9804,site_id_5,9804,Intervention,No,ALBERT STREET,,20110628,20100416,20110628,ProtectedBikeLane,,Yes,NoChange,Yes,NoChange,No,NoChange,No,NoChange,No,NoChange,Yes,Parallel,86,Yes,Parallel,High,No,None,4,1195,Protected bike lane,Protected bike lane,NA
site_id_5_9800,site_id_5,9800,Intervention,No,ALBERT STREET,,20150913,20150205,20150913,ProtectedBikeLane,,Yes,NoChange,Yes,NoChange,Yes,NoChange,No,NoChange,No,NoChange,Yes,Parallel,36,Yes,Parallel,Low,Yes,High,4,7190,Painted bike lane,painted,
site_id_5_9802,site_id_5,9802,Intervention,No,ALBERT STREET,,20150913,NA,NA,ProtectedBikeLane,,Yes,NoChange,Yes,NoChange,No,NoChange,No,NoChange,Yes,NoChange,Yes,Parallel,91,Yes,Parallel,High,No,None,4,1520,Post-protected bike lane (no change),No Change,
site_id_5_9801,site_id_5,9801,Intervention,No,ALBERT STREET,,20150913,NA,NA,ProtectedBikeLane,,Yes,NoChange,Yes,NoChange,No,NoChange,No,NoChange,No,NoChange,Yes,Parallel,38,Yes,Parallel,High,Yes,Medium,4,2550,Pre-protected bike lane (no change),No Change,
site_id_5_9803,site_id_5,9803,Intervention,No,ALBERT STREET,,20150913,20150205,20150913,ProtectedBikeLane,,Yes,NoChange,Yes,NoChange,No,NoChange,No,NoChange,No,NoChange,Yes,Parallel,44,Yes,Parallel,High,Yes,Medium,4,1620,Post-protected bike lane (no change),No Change,
site_id_5_9804,site_id_5,9804,Intervention,No,ALBERT STREET,,20150913,20150205,20150913,ProtectedBikeLane,,Yes,NoChange,Yes,NoChange,No,NoChange,No,NoChange,No,NoChange,Yes,Parallel,86,Yes,Parallel,High,No,None,4,1195,Post-protected bike lane (no change),No Change,
site_id_5_9800,site_id_5,9800,Intervention,No,ALBERT STREET,,20170207,NA,20170207,ProtectedBikeLane,,Yes,NoChange,Yes,NoChange,Yes,NoChange,No,NoChange,No,NoChange,Yes,Parallel,36,Yes,Parallel,Low,Yes,High,4,7190,Pre-protected bike lane (no change),no change,NA
site_id_5_9801,site_id_5,9801,Intervention,No,ALBERT STREET,,20170207,NA,20170207,ProtectedBikeLane,,Yes,NoChange,Yes,NoChange,No,NoChange,No,NoChange,No,NoChange,Yes,Parallel,40,Yes,Parallel,High,Yes,Medium,4,2550,Pre-protected bike lane (no change),No Change,NA
site_id_5_9802,site_id_5,9802,Intervention,No,ALBERT STREET,,20170207,NA,NA,ProtectedBikeLane,,Yes,NoChange,Yes,NoChange,No,NoChange,No,NoChange,Yes,NoChange,Yes,Parallel,91,Yes,Parallel,High,No,None,4,1520,Post-protected bike lane (no change),No Change,NA
site_id_5_9803,site_id_5,9803,Intervention,No,ALBERT STREET,,20170207,NA,20170207,ProtectedBikeLane,,Yes,NoChange,Yes,NoChange,No,NoChange,No,NoChange,No,NoChange,Yes,Parallel,44,Yes,Parallel,High,Yes,Medium,4,1620,Post-protected bike lane (no change),No Change,NA
site_id_5_9804,site_id_5,9804,Intervention,No,ALBERT STREET,,20170207,20161223,20170207,ProtectedBikeLane,,Yes,NoChange,Yes,NoChange,No,NoChange,No,NoChange,No,NoChange,Yes,Parallel,86,Yes,Parallel,High,No,None,4,1195,Post-protected bike lane (no change),No Change,NA
site_id_5_9800,site_id_5,9800,Intervention,No,ALBERT STREET,,20180217,20171123,20180217,ProtectedBikeLane,,Yes,NoChange,Yes,NoChange,Yes,NoChange,No,NoChange,No,NoChange,Yes,Parallel,30,Yes,Parallel,Low,Yes,High,4,7190,Protected bike lane,No Protected Bike Lane,NA
site_id_5_9801,site_id_5,9801,Intervention,No,ALBERT STREET,,20180217,NA,20180217,ProtectedBikeLane,,Yes,NoChange,Yes,NoChange,No,NoChange,No,NoChange,No,NoChange,Yes,Parallel,40,Yes,Parallel,High,Yes,Medium,4,2550,Pre-protected bike lane (no change),No Change,NA
site_id_5_9802,site_id_5,9802,Intervention,No,ALBERT STREET,,20180217,20170504,20180217,ProtectedBikeLane,,Yes,NoChange,Yes,NoChange,No,NoChange,No,NoChange,Yes,NoChange,Yes,Parallel,91,Yes,Parallel,High,No,None,4,1520,Post-protected bike lane (minor change),Building construction,NA
site_id_5_9803,site_id_5,9803,Intervention,No,ALBERT STREET,,20180217,NA,20180217,ProtectedBikeLane,,Yes,NoChange,Yes,NoChange,No,NoChange,No,NoChange,No,NoChange,Yes,Parallel,44,Yes,Parallel,High,Yes,Medium,4,1620,Post-protected bike lane (no change),No Change,NA
site_id_5_9804,site_id_5,9804,Intervention,No,ALBERT STREET,,20180217,NA,20180217,ProtectedBikeLane,,Yes,NoChange,Yes,NoChange,No,NoChange,No,NoChange,No,NoChange,Yes,Parallel,86,Yes,Parallel,High,No,None,4,1195,Post-protected bike lane (no change),No Change,NA
site_id_5_9800,site_id_5,9800,Intervention,No,ALBERT STREET,,20200604,NA,20200604,ProtectedBikeLane,,Yes,NoChange,Yes,NoChange,Yes,NoChange,No,NoChange,No,NoChange,Yes,Parallel,29,Yes,Parallel,Low,Yes,High,4,7190,Post-protected bike lane (no change),Fully Protected Bike Lanes,NA
site_id_5_9801,site_id_5,9801,Intervention,No,ALBERT STREET,,20200604,20191217,20200604,ProtectedBikeLane,,Yes,NoChange,Yes,NoChange,No,NoChange,No,NoChange,No,NoChange,Yes,Parallel,40,Yes,Parallel,High,Yes,Medium,4,2550,Protected bike lane,Fully Protected Bike Lanes,NA
site_id_5_9802,site_id_5,9802,Intervention,No,ALBERT STREET,,20200604,NA,20200604,ProtectedBikeLane,,Yes,NoChange,Yes,NoChange,No,NoChange,No,NoChange,Yes,NoChange,Yes,Parallel,91,Yes,Parallel,High,No,None,4,1520,Post-protected bike lane (no change),No Change,NA
site_id_5_9803,site_id_5,9803,Intervention,No,ALBERT STREET,,20200604,NA,20200604,ProtectedBikeLane,,Yes,NoChange,Yes,NoChange,No,NoChange,No,NoChange,No,NoChange,Yes,Parallel,44,Yes,Parallel,High,Yes,Medium,4,1620,Post-protected bike lane (no change),No Change,NA
site_id_5_9804,site_id_5,9804,Intervention,No,ALBERT STREET,,20200604,NA,20200604,ProtectedBikeLane,,Yes,NoChange,Yes,NoChange,No,NoChange,No,NoChange,No,NoChange,Yes,Parallel,86,Yes,Parallel,High,No,None,4,1195,Post-protected bike lane (no change),No Change,NA
site_id_5_9801,site_id_5,9801,Intervention,No,ALBERT STREET,,20230424,NA,20230424,ProtectedBikeLane,,Yes,NoChange,Yes,NoChange,No,NoChange,No,NoChange,No,NoChange,Yes,Parallel,39,Yes,Parallel,High,Yes,Medium,4,2550,Post-protected bike lane (no change),No Change,NA
site_id_5_9800,site_id_5,9800,Intervention,No,ALBERT STREET,,20230424,NA,20230424,ProtectedBikeLane,,Yes,NoChange,Yes,NoChange,Yes,NoChange,No,NoChange,No,NoChange,Yes,Parallel,29,Yes,Parallel,Low,Yes,High,4,7190,Post-protected bike lane (no change),No Change,NA
site_id_5_9802,site_id_5,9802,Intervention,No,ALBERT STREET,,20230424,20230101,20230424,ProtectedBikeLane,,Yes,NoChange,Yes,NoChange,No,NoChange,No,NoChange,Yes,NoChange,Yes,Parallel,87,Yes,Parallel,High,No,None,4,1520,Post-protected bike lane (minor change),Fully Protected Bike Lanes,NA
site_id_5_9803,site_id_5,9803,Intervention,No,ALBERT STREET,,20230424,NA,20230424,ProtectedBikeLane,,Yes,NoChange,Yes,NoChange,No,NoChange,No,NoChange,No,NoChange,Yes,Parallel,40,Yes,Parallel,High,Yes,Medium,4,1620,Post-protected bike lane (no change),No Change,NA
site_id_5_9804,site_id_5,9804,Intervention,No,ALBERT STREET,,20230424,NA,20230424,ProtectedBikeLane,,Yes,NoChange,Yes,NoChange,No,NoChange,No,NoChange,No,NoChange,Yes,Parallel,74,Yes,Parallel,High,No,None,4,1195,Post-protected bike lane (no change),No Change,NA
site_id_54_3500,site_id_54,3500,Intervention,Yes,HIGH STREET,,20121005,NA,NA,Regional Reallocation,,Yes,NA,Yes,NA,Yes,NA,Yes,NA,Yes,NA,Yes,Parallel,57,Yes,Mixed,Medium,Yes,Low,2,1215,Infrastructure Change,Road space reallocation,
site_id_54_3500,site_id_54,3500,Intervention,No,HIGH STREET,,20130404,20121005,20130404,Regional Reallocation,,Yes,NoChange,Yes,NoChange,Yes,NoChange,Yes,NoChange,Yes,NoChange,Yes,Mixed,103,Yes,Mixed,Medium,Yes,Low,2,1215,Infrastructure Change,Road space reallocation,
site_id_54_3500,site_id_54,3500,Intervention,No,HIGH STREET,,20140820,20130404,20140820,Regional Reallocation,,Yes,Decrease,Yes,Increase,Yes,Increase,Yes,NoChange,Yes,Increase,Yes,Mixed,85,Yes,Mixed,Medium,Yes,Low,2,1215,Infrastructure Change,Edgin Rd realignment,
site_id_54_3500,site_id_54,3500,Intervention,No,HIGH STREET,,20180501,20180101,20180501,Regional Reallocation,,Yes,Increase,Yes,Increase,Yes,Increase,Yes,Increase,Yes,NoChange,Yes,Mixed,81,Yes,Mixed,Medium,Yes,Low,2,1215,Construction,High St north works,
site_id_54_3500,site_id_54,3500,Intervention,No,HIGH STREET,,20190910,NA,NA,Regional Reallocation,,Yes,NoChange,Yes,NoChange,Yes,NoChange,Yes,NoChange,Yes,NoChange,Yes,Mixed,81,Yes,Mixed,Medium,Yes,Low,2,1215,Construction,High St north works,
site_id_54_3500,site_id_54,3500,Intervention,No,HIGH STREET,,20200830,20190910,20200830,Regional Reallocation,,Yes,Increase,Yes,NoChange,Yes,Increase,Yes,Increase,Yes,NoChange,Yes,Mixed,81,Yes,Mixed,Medium,Yes,Low,2,1215,Infrastructure Change,Development of Junction place adjacent to site,
site_id_54_3503,site_id_54,3503,Intervention,Yes,HIGH STREET,,20121005,NA,NA,Regional Reallocation,,Yes,NA,Yes,NA,Yes,NA,Yes,NA,Yes,NA,Yes,Parallel,49,Yes,Mixed,Medium,Yes,High,4,1480,Infrastructure Change,Road space reallocation,
site_id_54_3503,site_id_54,3503,Intervention,No,HIGH STREET,,20130404,20121005,20130404,Regional Reallocation,,Yes,NoChange,Yes,NoChange,Yes,NoChange,Yes,NoChange,Yes,NoChange,Yes,Mixed,92,Yes,Mixed,Medium,Yes,High,2,1480,Infrastructure Change,Road space reallocation,
site_id_54_3503,site_id_54,3503,Intervention,No,HIGH STREET,,20140820,20130404,20140820,Regional Reallocation,,Yes,Decrease,Yes,Increase,Yes,Increase,Yes,NoChange,Yes,Increase,Yes,Angled,108,Yes,Mixed,Medium,Yes,High,3,1480,Infrastructure Change,Edgin Rd realignment,
site_id_54_3503,site_id_54,3503,Intervention,No,HIGH STREET,,20180501,20180101,20180501,Regional Reallocation,,Yes,Increase,Yes,NoChange,Yes,NoChange,Yes,NoChange,Yes,NoChange,Yes,Angled,108,Yes,Mixed,Medium,Yes,High,3,1480,Construction,High St north works,
site_id_54_3503,site_id_54,3503,Intervention,No,HIGH STREET,,20190910,20180501,20190910,Regional Reallocation,,Yes,Increase,Yes,NoChange,Yes,Increase,Yes,NoChange,Yes,NoChange,Yes,Angled,118,Yes,Mixed,Medium,Yes,High,2,1480,Construction,High St south works,
site_id_54_3503,site_id_54,3503,Intervention,No,HIGH STREET,,20200830,NA,NA,Regional Reallocation,,Yes,Increase,Yes,NoChange,Yes,Increase,Yes,NoChange,Yes,NoChange,Yes,Angled,118,Yes,Mixed,Medium,Yes,High,2,1480,Infrastructure Change,Development of Junction place adjacent to site,
site_id_6_5881,site_id_6,5881,Intervention,Yes,WELLINGTION STREET,,20150205,NA,NA,ProtectedBikeLane,,Yes,NA,Yes,NA,Yes,NA,No,NA,Yes,NA,Yes,Parallel,43,Yes,Mixed,Medium,Yes,Low,2,3540,Painted bike lane,NA,
site_id_6_5881,site_id_6,5881,Intervention,No,WELLINGTION STREET,,20150913,20150205,20150913,ProtectedBikeLane,,Yes,NoChange,Yes,NoChange,Yes,NoChange,No,NA,Yes,NoChange,Yes,Parallel,14,Yes,Mixed,Medium,Yes,Low,2,3540,Protected bike lane ,Bike lanes are separated form traffic,
site_id_6_5881,site_id_6,5881,Intervention,No,WELLINGTION STREET,,20190831,20190407,20190831,ProtectedBikeLane,,Yes,NoChange,Yes,NoChange,Yes,NoChange,No,NA,Yes,NoChange,Yes,Parallel,13,Yes,Mixed,Medium,Yes,Low,2,3540,Post-protected bike lane (no change),NA,
site_id_6_5882,site_id_6,5882,Intervention,Yes,WELLINGTION STREET,,20150205,NA,NA,ProtectedBikeLane,,Yes,NA,Yes,NA,Yes,NA,No,NA,Yes,NA,Yes,Parallel,37,Yes,Mixed,Medium,Yes,Low,2,5980,Painted bike lane,NA,
site_id_6_5882,site_id_6,5882,Intervention,No,WELLINGTION STREET,,20150913,20150205,20150913,ProtectedBikeLane,,Yes,NoChange,Yes,NoChange,Yes,NoChange,No,NA,Yes,NoChange,Yes,Parallel,12,Yes,Mixed,Medium,Yes,Low,2,5980,Protected bike lane,Bike lanes are separated form traffic,
site_id_6_5882,site_id_6,5882,Intervention,No,WELLINGTION STREET,,20190831,20190407,20190831,ProtectedBikeLane,,Yes,NoChange,Yes,NoChange,Yes,NoChange,No,NA,Yes,NoChange,Yes,Parallel,12,Yes,Mixed,Medium,Yes,Low,2,5980,Post-protected bike lane (no change),NA,
site_id_6_5883,site_id_6,5883,Intervention,Yes,WELLINGTION STREET,,20150205,NA,NA,ProtectedBikeLane,,Yes,NA,Yes,NA,Yes,NA,No,NA,Yes,NA,Yes,Parallel,106,Yes,Mixed,Medium,Yes,Low,2,3290,Painted bike lane,NA,
site_id_6_5883,site_id_6,5883,Intervention,No,WELLINGTION STREET,,20150913,20150205,20150913,ProtectedBikeLane,,Yes,NoChange,Yes,NoChange,Yes,NoChange,No,NA,Yes,NoChange,Yes,Parallel,106,Yes,Mixed,Medium,Yes,Low,2,3290,Pre-protected bike lane (no change),NA,
site_id_6_5883,site_id_6,5883,Intervention,No,WELLINGTION STREET,,20190831,20190407,20190831,ProtectedBikeLane,,Yes,NA,Yes,NoChange,Yes,NoChange,No,NA,Yes,NoChange,Yes,Parallel,48,Yes,Mixed,Medium,Yes,Low,,3290,Protected Bike Lane,Bike lanes are separated from traffic,
site_id_7_10529,site_id_7,10529,Intervention,Yes,swanston (nth),,20110820,NA,NA,ProtectedBikeLane,,Yes,NA,Yes,NA,Yes,NA,No,NA,No,NA,Yes,Parallel,9,Yes,Mixed,High,No,Low,2,5790,Painted bike lane,NA,ace parking | cardigan house (multi-storey)
site_id_7_10529,site_id_7,10529,Intervention,No,swanston (nth),,20111018,20110820,20111018,ProtectedBikeLane,,Yes,NoChange,Yes,NoChange,Yes,Decrease,No,NoChange,No,NoChange,Yes,Parallel,9,Yes,Mixed,High,Yes,Low,2,5790,Pre-protected bike lane (no change),no change,ace parking | cardigan house (multi-storey)
site_id_7_10529,site_id_7,10529,Intervention,No,swanston (nth),,20201102,20200907,20201102,ProtectedBikeLane,,Yes,Increase,Yes,NoChange,Yes,NoChange,No,NoChange,No,NoChange,No,None,9,Yes,Mixed,High,No,Low,2,5790,Protected bike lane,protected bike lane which reduced on-street parking spots,ace parking | cardigan house (multi-storey)
site_id_7_10530,site_id_7,10530,Intervention,Yes,swanston (nth),,20110820,NA,NA,ProtectedBikeLane,,Yes,NA,Yes,NA,Yes,NA,No,NA,No,NA,Yes,Parallel,54,Yes,Mixed,High,Yes,Low,2,7250,Protected bike lane ,NA,"bike lane was already protected as of 20091012, but they changed type of buffer. 17-21 argyle place south carlton (73 spots)"
site_id_7_10530,site_id_7,10530,Intervention,No,swanston (nth),,20111018,20110820,20111018,ProtectedBikeLane,,Yes,NoChange,Yes,NoChange,Yes,NoChange,No,NoChange,No,NoChange,Yes,Parallel,42,Yes,Mixed,High,Yes,Low,2,7250,Post-protected bike lane (no change),protected bike lane which reduced on-street parking spots,"bike lane was already protected as of 20091012, but they changed type of buffer near the pelham st and swanson st intersection. removed bus stop/shelter on the swanston/queenberry intersection. 17-21 argyle place south carlton (73 spots)"
site_id_7_10530,site_id_7,10530,Intervention,No,swanston (nth),,20201102,20200907,20201102,ProtectedBikeLane,,Yes,NoChange,Yes,NoChange,Yes,Decrease,No,NoChange,No,NoChange,Yes,Parallel,34,yes,Mixed,High,Yes,Low,2,7250,Post-protected bike lane (no change),construction of buildings which reduced on-street parking spots,
site_id_7_10531,site_id_7,10531,Intervention,Yes,swanston (nth),,20110820,NA,NA,ProtectedBikeLane,,Yes,NA,Yes,NA,Yes,NA,No,NA,No,NA,Yes,Parallel,38,Yes,Mixed,Medium,Yes,High,2,10880,Protected bike lane,NA,"488 swanson st (45 spots), greenco parking in rmit building 91 (468 spots), 16-32 leicester st (454 spots)"
site_id_7_10531,site_id_7,10531,Intervention,No,swanston (nth),,20111018,20110820,20111018,ProtectedBikeLane,,Yes,Increase,Yes,NoChange,Yes,NoChange,No,NoChange,No,NoChange,Yes,Parallel,17,Yes,Mixed,Medium,Yes,High,2,10880,Post-protected bike lane (minor change),protected bike lane which reduced on-street parking spots,"added tram stop. 488 swanson st (45 spots), greenco parking in rmit building 91 (468 spots),  16-32 leicester st (454 spots)"
site_id_7_10531,site_id_7,10531,Intervention,No,swanston (nth),,20201102,20200907,20201102,ProtectedBikeLane,,Yes,Increase,Yes,NoChange,Yes,NoChange,No,NoChange,No,NoChange,Yes,Parallel,18,Yes,Mixed,Medium,Yes,High,2,10880,Post-protected bike lane (no change),protected bike lane which reduced on-street parking spots,"488 swanson st (45 spots), greenco parking in rmit building 91 (468 spots),  16-32 leicester st (454 spots)"
site_id_8_3828,site_id_8,3828,Intervention,Yes,LA TROBE STREET,,20130104,NA,NA,ProtectedBikeLane,,Yes,NA,Yes,NA,No,NA,No,NA,No,NA,Yes,Parallel,24,Yes,Parallel,High,Yes,High,4,4880,Painted bike line,Fully Protected Bike Lanes,Baseline
site_id_8_3828,site_id_8,3828,Intervention,No,LA TROBE STREET,,20130214,NA,NA,ProtectedBikeLane,,Yes,NoChange,Yes,NoChange,No,NoChange,No,NoChange,No,NoChange,Yes,Parallel,24,Yes,Parallel,High,Yes,High,4,4880,Pre-protected bike lane (no change),Fully Protected Bike Lanes,No Change
site_id_8_3828,site_id_8,3828,Intervention,No,LA TROBE STREET,,20130508,20130306,20130508,ProtectedBikeLane,,Yes,NoChange,Yes,NoChange,No,NoChange,No,NoChange,No,NoChange,Yes,Parallel,5,Yes,Parallel,High,Yes,High,4,4880,Protected bike lane,Fully Protected Bike Lanes,Protected bike lane (both directions)
site_id_8_3828,site_id_8,3828,Intervention,No,LA TROBE STREET,,20150205,NA,NA,ProtectedBikeLane,,Yes,NoChange,Yes,NoChange,No,NoChange,No,NoChange,No,NoChange,Yes,Parallel,5,Yes,Parallel,High,Yes,High,4,4880,Post-protected bike lane (no change),,
site_id_8_3828,site_id_8,3828,Intervention,No,LA TROBE STREET,,20150913,NA,NA,ProtectedBikeLane,,Yes,NoChange,Yes,NoChange,No,NoChange,No,NoChange,No,NoChange,Yes,Parallel,5,Yes,Parallel,High,Yes,High,2,4880,Post-protected bike lane (no change),Fully Protected Bike Lanes,No Change
site_id_8_3828,site_id_8,3828,Intervention,No,LA TROBE STREET,,20161008,NA,NA,ProtectedBikeLane,,Yes,NoChange,Yes,NoChange,No,NoChange,No,NoChange,No,NoChange,Yes,Parallel,5,Yes,Parallel,High,Yes,High,2,4880,Post-protected bike lane (no change),Fully Protected Bike Lanes,No Change
site_id_8_3828,site_id_8,3828,Intervention,No,LA TROBE STREET,,20190111,NA,NA,ProtectedBikeLane,,Yes,NoChange,Yes,NoChange,No,NoChange,No,NoChange,No,NoChange,Yes,Parallel,5,Yes,Parallel,High,Yes,High,2,4880,Post-protected bike lane (no change),Fully Protected Bike Lanes,No Change
site_id_8_3828,site_id_8,3828,Intervention,No,LA TROBE STREET,,20190831,20190407,20190831,ProtectedBikeLane,,Yes,NoChange,Yes,NoChange,No,NoChange,No,NoChange,No,NoChange,Yes,Parallel,3,Yes,Parallel,High,Yes,High,2,4880,Post-protected bike lane (bike lane alignment change),Fully Protected Bike Lanes,Realignment of bike lane due to construction
site_id_8_3828,site_id_8,3828,Intervention,No,LA TROBE STREET,,20191217,20190831,20191217,ProtectedBikeLane,,Yes,NoChange,Yes,NoChange,No,NoChange,No,NoChange,No,NoChange,Yes,Parallel,3,Yes,Parallel,High,Yes,High,2,4880,Post-protected bike lane (no change),,
site_id_8_3828,site_id_8,3828,Intervention,No,LA TROBE STREET,,20200907,NA,NA,ProtectedBikeLane,,Yes,NoChange,Yes,NoChange,No,NoChange,No,NoChange,No,NoChange,Yes,Parallel,3,Yes,Parallel,High,Yes,High,2,4880,Post-protected bike lane (no change),Fully Protected Bike Lanes,No Change
site_id_8_3828,site_id_8,3828,Intervention,No,LA TROBE STREET,,20210122,NA,NA,ProtectedBikeLane,,Yes,NoChange,Yes,NoChange,No,NoChange,No,NoChange,No,NoChange,Yes,Parallel,3,Yes,Parallel,High,Yes,High,2,4880,Post-protected bike lane (no change),Fully Protected Bike Lanes,No Change
site_id_8_3828,site_id_8,3828,Intervention,No,LA TROBE STREET,,20240804,20240723,20240804,ProtectedBikeLane,,Yes,NoChange,Yes,NoChange,No,NoChange,No,NoChange,No,NoChange,Yes,Parallel,0,Yes,Parallel,High,Yes,High,0,4880,Post-protected bike lane (bike lane alignment change),Fully Protected Bike Lanes,Road closed due to roadworks
site_id_8_3828,site_id_8,3828,Intervention,No,LA TROBE STREET,,20241201,20240804,20241201,ProtectedBikeLane,,Yes,NoChange,Yes,NoChange,No,NoChange,No,NoChange,No,NoChange,Yes,Parallel,5,Yes,Parallel,High,Yes,High,2,4880,Post-protected bike lane (minor change),Fully Protected Bike Lanes,"Roadworks done, back to protected bike lane (both directions). Note protect bike lanes came back in 20230823"
site_id_8_3828,site_id_8,3828,Intervention,No,LA TROBE STREET,,20250526,NA,NA,ProtectedBikeLane,,Yes,NoChange,Yes,NoChange,No,NoChange,No,NoChange,No,NoChange,Yes,Parallel,5,Yes,Parallel,High,Yes,High,2,4880,Post-protected bike lane (no change),Fully Protected Bike Lanes,No Change
site_id_8_3829,site_id_8,3829,Intervention,Yes,LA TROBE STREET,,20130104,NA,NA,ProtectedBikeLane,,Yes,NA,Yes,NA,No,NA,No,NA,No,NA,Yes,Parallel,34,Yes,Parallel,High,Yes,High,4,8970,Painted bike lane,Fully Protected Bike Lanes,Baseline
site_id_8_3829,site_id_8,3829,Intervention,No,LA TROBE STREET,,20130214,NA,NA,ProtectedBikeLane,,Yes,NoChange,Yes,NoChange,No,NoChange,No,NoChange,No,NoChange,Yes,Parallel,34,Yes,Parallel,High,Yes,High,4,8970,Pre-protected bike lane (no change),Fully Protected Bike Lanes,No Change
site_id_8_3829,site_id_8,3829,Intervention,No,LA TROBE STREET,,20130508,20130306,20130508,ProtectedBikeLane,,Yes,NoChange,Yes,NoChange,No,NoChange,No,NoChange,No,NoChange,Yes,Parallel,23,Yes,Parallel,High,Yes,High,4,8970,Protected bike lane,Fully Protected Bike Lanes,Protected bike lanes (both direction)
site_id_8_3829,site_id_8,3829,Intervention,No,LA TROBE STREET,,20150205,NA,NA,ProtectedBikeLane,,Yes,NoChange,Yes,NoChange,No,NoChange,No,NoChange,No,NoChange,Yes,Parallel,23,Yes,Parallel,High,Yes,High,4,8970,Post-protected bike lane (no change),,
site_id_8_3829,site_id_8,3829,Intervention,No,LA TROBE STREET,,20150913,20150205,20150913,ProtectedBikeLane,,Yes,NoChange,Yes,NoChange,No,NoChange,No,NoChange,No,NoChange,Yes,Parallel,18,Yes,Parallel,High,Yes,High,2,8970,Post-protected bike lane (bike lane alignment change),Fully Protected Bike Lanes,realignment of bikelane (E-W)
site_id_8_3829,site_id_8,3829,Intervention,No,LA TROBE STREET,,20161008,NA,NA,ProtectedBikeLane,,Yes,NoChange,Yes,NoChange,No,NoChange,No,NoChange,No,NoChange,Yes,Parallel,18,Yes,Parallel,High,Yes,High,2,8970,Post-protected bike lane (no change),Fully Protected Bike Lanes,No Change
site_id_8_3829,site_id_8,3829,Intervention,No,LA TROBE STREET,,20190111,20181019,20190111,ProtectedBikeLane,,Yes,NoChange,Yes,NoChange,No,NoChange,No,NoChange,No,NoChange,Yes,Parallel,3,Yes,Parallel,High,Yes,High,2,8970,Post-protected bike lane (bike lane alignment change),Fully Protected Bike Lanes,"Protected bike lanes (E-W) - back to previous, realignment of bikelane (W-E)"
site_id_8_3829,site_id_8,3829,Intervention,No,LA TROBE STREET,,20190831,NA,NA,ProtectedBikeLane,,Yes,NoChange,Yes,NoChange,No,NoChange,No,NoChange,No,NoChange,Yes,Parallel,8,Yes,Parallel,High,Yes,High,2,8970,Post-protected bike lane (no change),Fully Protected Bike Lanes,No Change
site_id_8_3829,site_id_8,3829,Intervention,No,LA TROBE STREET,,20191217,NA,NA,ProtectedBikeLane,,Yes,NoChange,Yes,NoChange,No,NoChange,No,NoChange,No,NoChange,Yes,Parallel,8,Yes,Parallel,High,Yes,High,2,8970,Post-protected bike lane (no change),,
site_id_8_3829,site_id_8,3829,Intervention,No,LA TROBE STREET,,20200907,20200604,20200907,ProtectedBikeLane,,Yes,NoChange,Yes,NoChange,No,NoChange,No,NoChange,No,NoChange,Yes,Parallel,19,Yes,Parallel,High,Yes,High,2,8970,Post-protected bike lane (bike lane alignment change),Fully Protected Bike Lanes,Protected bike lanes (W-E) - back to previous
site_id_8_3829,site_id_8,3829,Intervention,No,LA TROBE STREET,,20210122,NA,NA,ProtectedBikeLane,,Yes,NoChange,Yes,NoChange,No,NoChange,No,NoChange,No,NoChange,Yes,Parallel,19,Yes,Parallel,High,Yes,High,2,8970,Post-protected bike lane (no change),Fully Protected Bike Lanes,No Change
site_id_8_3829,site_id_8,3829,Intervention,No,LA TROBE STREET,,20240804,20240723,20240804,ProtectedBikeLane,,Yes,NoChange,Yes,NoChange,No,NoChange,No,NoChange,No,NoChange,Yes,Parallel,0,Yes,Parallel,High,Yes,High,0,8970,Post-protected bike lane (minor change),Fully Protected Bike Lanes,Road closed due to construction
site_id_8_3829,site_id_8,3829,Intervention,No,LA TROBE STREET,,20241201,20240723,20241201,ProtectedBikeLane,,Yes,NoChange,Yes,NoChange,No,NoChange,No,NoChange,No,NoChange,Yes,Parallel,6,Yes,Parallel,High,Yes,High,2,8970,Post-protected bike lane (minor change),Fully Protected Bike Lanes,Tram stop upgraded
site_id_8_3829,site_id_8,3829,Intervention,No,LA TROBE STREET,,20250526,NA,NA,ProtectedBikeLane,,Yes,NoChange,Yes,NoChange,No,NoChange,No,NoChange,No,NoChange,Yes,Parallel,6,Yes,Parallel,High,Yes,High,2,8970,Post-protected bike lane (no change),Fully Protected Bike Lanes,No Change
site_id_8_3830,site_id_8,3830,Intervention,Yes,LA TROBE STREET,,20130104,NA,NA,ProtectedBikeLane,,Yes,NA,Yes,NA,No,NA,No,NA,No,NA,Yes,Parallel,33,Yes,Parallel,Low,Yes,High,4,17760,Painted bike lane,Fully Protected Bike Lanes,Baseline
site_id_8_3830,site_id_8,3830,Intervention,No,LA TROBE STREET,,20130214,NA,NA,ProtectedBikeLane,,Yes,NoChange,Yes,NoChange,No,NoChange,No,NoChange,No,NoChange,Yes,Parallel,33,Yes,Parallel,Low,Yes,High,4,17760,Pre-protected bike lane (no change),Fully Protected Bike Lanes,No Change
site_id_8_3830,site_id_8,3830,Intervention,No,LA TROBE STREET,,20130508,20130306,20130508,ProtectedBikeLane,,Yes,NoChange,Yes,NoChange,No,NoChange,No,NoChange,No,NoChange,Yes,Parallel,23,Yes,Parallel,Low,Yes,High,2,17760,Protected bike lane,Fully Protected Bike Lanes,Protected bike lane (both directions)
site_id_8_3830,site_id_8,3830,Intervention,No,LA TROBE STREET,,20150205,NA,NA,ProtectedBikeLane,,Yes,NoChange,Yes,NoChange,No,NoChange,No,NoChange,No,NoChange,Yes,Parallel,23,Yes,Parallel,Low,Yes,High,2,17760,Post-protected bike lane (no change),,
site_id_8_3830,site_id_8,3830,Intervention,No,LA TROBE STREET,,20150913,NA,NA,ProtectedBikeLane,,Yes,NoChange,Yes,NoChange,No,NoChange,No,NoChange,No,NoChange,Yes,Parallel,23,Yes,Parallel,Low,Yes,High,2,17760,Post-protected bike lane (no change),Fully Protected Bike Lanes,No Change
site_id_8_3830,site_id_8,3830,Intervention,No,LA TROBE STREET,,20161008,NA,NA,ProtectedBikeLane,,Yes,NoChange,Yes,NoChange,No,NoChange,No,NoChange,No,NoChange,Yes,Parallel,23,Yes,Parallel,Low,Yes,High,2,17760,Post-protected bike lane (no change),Fully Protected Bike Lanes,No Change
site_id_8_3830,site_id_8,3830,Intervention,No,LA TROBE STREET,,20190111,NA,NA,ProtectedBikeLane,,Yes,NoChange,Yes,NoChange,No,NoChange,No,NoChange,No,NoChange,Yes,Parallel,14,Yes,Parallel,Low,Yes,High,2,17760,Post-protected bike lane (no change),Fully Protected Bike Lanes,No Change
site_id_8_3830,site_id_8,3830,Intervention,No,LA TROBE STREET,,20190831,NA,NA,ProtectedBikeLane,,Yes,NoChange,Yes,NoChange,No,NoChange,No,NoChange,No,NoChange,Yes,Parallel,14,Yes,Parallel,Low,Yes,High,2,17760,Post-protected bike lane (no change),,
site_id_8_3830,site_id_8,3830,Intervention,No,LA TROBE STREET,,20191217,20190831,20191217,ProtectedBikeLane,,Yes,NoChange,Yes,NoChange,No,NoChange,No,NoChange,No,NoChange,Yes,Parallel,10,Yes,Parallel,Low,Yes,High,2,17760,Post-protected bike lane (minor change),Fully Protected Bike Lanes,Extra bike lane protection (E-W) - dropped a lane of traffic
site_id_8_3830,site_id_8,3830,Intervention,No,LA TROBE STREET,,20200907,NA,NA,ProtectedBikeLane,,Yes,NoChange,Yes,NoChange,No,NoChange,No,NoChange,No,NoChange,Yes,Parallel,10,Yes,Parallel,Low,Yes,High,2,17760,Post-protected bike lane (no change),Fully Protected Bike Lanes,No Change
site_id_8_3830,site_id_8,3830,Intervention,No,LA TROBE STREET,,20210122,NA,NA,ProtectedBikeLane,,Yes,NoChange,Yes,NoChange,No,NoChange,No,NoChange,No,NoChange,Yes,Parallel,10,Yes,Parallel,Low,Yes,High,2,17760,Post-protected bike lane (no change),Fully Protected Bike Lanes,No Change
site_id_8_3830,site_id_8,3830,Intervention,No,LA TROBE STREET,,20240804,20240723,20240804,ProtectedBikeLane,,Yes,NoChange,Yes,NoChange,No,NoChange,No,NoChange,No,NoChange,Yes,Parallel,0,Yes,Parallel,Low,Yes,High,0,17760,Post-protected bike lane (minor change),Fully Protected Bike Lanes,Road closed due to construction
site_id_8_3830,site_id_8,3830,Intervention,No,LA TROBE STREET,,20241201,NA,NA,ProtectedBikeLane,,Yes,NoChange,Yes,NoChange,No,NoChange,No,NoChange,No,NoChange,Yes,Parallel,7,Yes,Parallel,Low,Yes,High,2,17760,Post-protected bike lane (minor change),Fully Protected Bike Lanes,Tram stop upgraded
site_id_8_3830,site_id_8,3830,Intervention,No,LA TROBE STREET,,20250526,NA,NA,ProtectedBikeLane,,Yes,NoChange,Yes,NoChange,No,NoChange,No,NoChange,No,NoChange,Yes,Parallel,7,Yes,Parallel,Low,Yes,High,2,17760,Post-protected bike lane (no change),Fully Protected Bike Lanes,No Change
site_id_8_3831,site_id_8,3831,Intervention,Yes,LA TROBE STREET,,20130104,NA,NA,ProtectedBikeLane,,Yes,NA,Yes,NA,No,NA,No,NA,No,NA,Yes,Parallel,27,Yes,Parallel,Low,Yes,High,4,33030,Painted bike lane,Fully Protected Bike Lanes,Baseline
site_id_8_3831,site_id_8,3831,Intervention,No,LA TROBE STREET,,20130214,NA,NA,ProtectedBikeLane,,Yes,NoChange,Yes,NoChange,No,NoChange,No,NoChange,No,NoChange,Yes,Parallel,27,Yes,Parallel,Low,Yes,High,4,33030,Pre-protected bike lane (no change),Fully Protected Bike Lanes,No Change
site_id_8_3831,site_id_8,3831,Intervention,No,LA TROBE STREET,,20130508,20130306,20130508,ProtectedBikeLane,,Yes,NoChange,Yes,NoChange,No,NoChange,No,NoChange,No,NoChange,Yes,Parallel,20,Yes,Parallel,Low,Yes,High,2,33030,Protected bike lane ,Fully Protected Bike Lanes,Protected bike lane (both directions)
site_id_8_3831,site_id_8,3831,Intervention,No,LA TROBE STREET,,20150205,NA,NA,ProtectedBikeLane,,Yes,NoChange,Yes,NoChange,No,NoChange,No,NoChange,No,NoChange,Yes,Parallel,20,Yes,Parallel,Low,Yes,High,2,33030,Post-protected bike lane (no change),,
site_id_8_3831,site_id_8,3831,Intervention,No,LA TROBE STREET,,20150913,NA,NA,ProtectedBikeLane,,Yes,NoChange,Yes,NoChange,No,NoChange,No,NoChange,No,NoChange,Yes,Parallel,20,Yes,Parallel,Low,Yes,High,2,33030,Post-protected bike lane (no change),Fully Protected Bike Lanes,No Change
site_id_8_3831,site_id_8,3831,Intervention,No,LA TROBE STREET,,20161008,20160320,20161008,ProtectedBikeLane,,Yes,NoChange,Yes,NoChange,No,NoChange,No,NoChange,No,NoChange,Yes,Parallel,12,Yes,Parallel,Low,Yes,High,2,33030,Post-protected bike lane (bike lane alignment change),Fully Protected Bike Lanes,Realignment of bike lanes (E-W)
site_id_8_3831,site_id_8,3831,Intervention,No,LA TROBE STREET,,20190111,20180823,20190111,ProtectedBikeLane,,Yes,NoChange,Yes,NoChange,No,NoChange,No,NoChange,No,NoChange,Yes,Parallel,19,Yes,Parallel,Low,Yes,High,2,33030,Post-protected bike lane (bike lane alignment change),Fully Protected Bike Lanes,Realignment and extension of bike lanes (E-W)
site_id_8_3831,site_id_8,3831,Intervention,No,LA TROBE STREET,,20190831,20190407,20190831,ProtectedBikeLane,,Yes,NoChange,Yes,NoChange,No,NoChange,No,NoChange,No,NoChange,Yes,Parallel,12,Yes,Parallel,Low,Yes,High,2,33030,Post-protected bike lane (bike lane alignment change),Fully Protected Bike Lanes,Construction - shifting bikes into traffic lane (shared)
site_id_8_3831,site_id_8,3831,Intervention,No,LA TROBE STREET,,20191217,NA,NA,ProtectedBikeLane,,Yes,NoChange,Yes,NoChange,No,NoChange,No,NoChange,No,NoChange,Yes,Parallel,12,Yes,Parallel,Low,Yes,High,2,33030,Post-protected bike lane (no change),,
site_id_8_3831,site_id_8,3831,Intervention,No,LA TROBE STREET,,20200907,NA,NA,ProtectedBikeLane,,Yes,NoChange,Yes,NoChange,No,NoChange,No,NoChange,No,NoChange,Yes,Parallel,17,Yes,Parallel,Low,Yes,High,2,33030,Post-protected bike lane (no change),Fully Protected Bike Lanes,Construction - shifting bikes into traffic lane (shared)
site_id_8_3831,site_id_8,3831,Intervention,No,LA TROBE STREET,,20210122,20201108,20210122,ProtectedBikeLane,,Yes,NoChange,Yes,NoChange,No,NoChange,No,NoChange,No,NoChange,Yes,Parallel,16,Yes,Parallel,Low,Yes,High,2,33030,Post-protected bike lane (bike lane alignment change),Fully Protected Bike Lanes,Protected bike lane 
site_id_8_3831,site_id_8,3831,Intervention,No,LA TROBE STREET,,20240804,20230903,20240804,ProtectedBikeLane,,Yes,NoChange,Yes,NoChange,No,NoChange,No,NoChange,No,NoChange,Yes,Parallel,19,Yes,Parallel,Low,Yes,High,0,33030,Post-protected bike lane (minor change),Fully Protected Bike Lanes,Road closed due to construction
site_id_8_3831,site_id_8,3831,Intervention,No,LA TROBE STREET,,20241201,NA,NA,ProtectedBikeLane,,Yes,NoChange,Yes,NoChange,No,NoChange,No,NoChange,No,NoChange,Yes,Parallel,19,Yes,Parallel,Low,Yes,High,2,33030,Post-protected bike lane (no change),Fully Protected Bike Lanes,Road closed due to construction
site_id_8_3831,site_id_8,3831,Intervention,No,LA TROBE STREET,,20250526,NA,NA,ProtectedBikeLane,,Yes,NoChange,Yes,NoChange,No,NoChange,No,NoChange,No,NoChange,Yes,Parallel,30,Yes,Parallel,Low,Yes,High,2,33030,Post-protected bike lane (bike lane alignment change),Fully Protected Bike Lanes,Road reopened - protected bike lane - extended parking
site_id_8_3832,site_id_8,3832,Intervention,Yes,LA TROBE STREET,,20130104,NA,NA,ProtectedBikeLane,,Yes,NA,Yes,NA,No,NA,No,NA,No,NA,Yes,Parallel,40,Yes,Mixed,Medium,Yes,High,4,16660,Painted bike lane,Fully Protected Bike Lanes,Baseline
site_id_8_3832,site_id_8,3832,Intervention,No,LA TROBE STREET,,20130214,NA,NA,ProtectedBikeLane,,Yes,NoChange,Yes,NoChange,No,NoChange,No,NoChange,No,NoChange,Yes,Parallel,40,Yes,Mixed,Medium,Yes,High,4,16660,Pre-protected bike lane (no change),Fully Protected Bike Lanes,No Change
site_id_8_3832,site_id_8,3832,Intervention,No,LA TROBE STREET,,20130508,20130306,20130508,ProtectedBikeLane,,Yes,NoChange,Yes,NoChange,No,NoChange,No,NoChange,No,NoChange,Yes,Parallel,27,Yes,Mixed,Medium,Yes,High,2,16660,Protected bike lane,Fully Protected Bike Lanes,Protected bike lane (W-E)
site_id_8_3832,site_id_8,3832,Intervention,No,LA TROBE STREET,,20150205,20141129,20150205,ProtectedBikeLane,,Yes,NoChange,Yes,NoChange,No,NoChange,No,NoChange,No,NoChange,Yes,Parallel,12,Yes,Mixed,Medium,Yes,High,2,16660,Post-protected bike lane (bike lane alignment change),,
site_id_8_3832,site_id_8,3832,Intervention,No,LA TROBE STREET,,20150913,NA,NA,ProtectedBikeLane,,Yes,NoChange,Yes,NoChange,No,NoChange,No,NoChange,No,NoChange,Yes,Parallel,12,Yes,Mixed,Medium,Yes,High,2,16660,Post-protected bike lane (no change),Fully Protected Bike Lanes,Realignment of bike lanes (both direction) - Add protection E-W
site_id_8_3832,site_id_8,3832,Intervention,No,LA TROBE STREET,,20161008,NA,NA,ProtectedBikeLane,,Yes,NoChange,Yes,NoChange,No,NoChange,No,NoChange,No,NoChange,Yes,Parallel,11,Yes,Mixed,Medium,Yes,High,2,16660,Post-protected bike lane (no change),Fully Protected Bike Lanes,No Change
site_id_8_3832,site_id_8,3832,Intervention,No,LA TROBE STREET,,20190111,NA,NA,ProtectedBikeLane,,Yes,NoChange,Yes,NoChange,No,NoChange,No,NoChange,No,NoChange,Yes,Parallel,24,Yes,Mixed,Medium,Yes,High,2,16660,Post-protected bike lane (bike lane alignment change),Fully Protected Bike Lanes,No Change
site_id_8_3832,site_id_8,3832,Intervention,No,LA TROBE STREET,,20190831,NA,NA,ProtectedBikeLane,,Yes,NoChange,Yes,NoChange,No,NoChange,No,NoChange,No,NoChange,Yes,Parallel,19,Yes,Mixed,Medium,Yes,High,2,16660,Post-protected bike lane (bike lane alignment change),Fully Protected Bike Lanes,No Change
site_id_8_3832,site_id_8,3832,Intervention,No,LA TROBE STREET,,20191217,NA,NA,ProtectedBikeLane,,Yes,NoChange,Yes,NoChange,No,NoChange,No,NoChange,No,NoChange,Yes,Parallel,19,Yes,Mixed,Medium,Yes,High,2,16660,Post-protected bike lane (no change),,
site_id_8_3832,site_id_8,3832,Intervention,No,LA TROBE STREET,,20200907,NA,NA,ProtectedBikeLane,,Yes,NoChange,Yes,NoChange,No,NoChange,No,NoChange,No,NoChange,Yes,Parallel,17,Yes,Mixed,Medium,Yes,High,2,16660,Post-protected bike lane (no change),Fully Protected Bike Lanes,No Change
site_id_8_3832,site_id_8,3832,Intervention,No,LA TROBE STREET,,20210122,NA,NA,ProtectedBikeLane,,Yes,NoChange,Yes,NoChange,No,NoChange,No,NoChange,No,NoChange,Yes,Parallel,17,Yes,Mixed,Medium,Yes,High,2,16660,Post-protected bike lane (no change),Fully Protected Bike Lanes,No Change
site_id_8_3832,site_id_8,3832,Intervention,No,LA TROBE STREET,,20240804,20240723,20240804,ProtectedBikeLane,,Yes,NoChange,Yes,NoChange,No,NoChange,No,NoChange,No,NoChange,Yes,Parallel,0,Yes,Mixed,Medium,Yes,High,0,16660,Post-protected bike lane (minor change),Fully Protected Bike Lanes,Road closed due to construction
site_id_8_3832,site_id_8,3832,Intervention,No,LA TROBE STREET,,20241201,NA,NA,ProtectedBikeLane,,Yes,NoChange,Yes,NoChange,No,NoChange,No,NoChange,No,NoChange,Yes,Parallel,11,Yes,Mixed,Medium,Yes,High,2,16660,Post-protected bike lane (bike lane alignment change),Fully Protected Bike Lanes,Tram stop upgrade - removed one lane of traffic
site_id_8_3832,site_id_8,3832,Intervention,No,LA TROBE STREET,,20250526,NA,NA,ProtectedBikeLane,,Yes,NoChange,Yes,NoChange,No,NoChange,No,NoChange,No,NoChange,Yes,Parallel,11,Yes,Mixed,Medium,Yes,High,2,16660,Post-protected bike lane (no change),Fully Protected Bike Lanes,No Change
site_id_8_3833,site_id_8,3833,Intervention,Yes,LA TROBE STREET,,20130104,NA,NA,ProtectedBikeLane,,Yes,NA,Yes,NA,No,NA,No,NA,No,NA,Yes,Parallel,30,Yes,Mixed,High,Yes,High,2,15510,Painted bike lane,Fully Protected Bike Lanes,Baseline
site_id_8_3833,site_id_8,3833,Intervention,No,LA TROBE STREET,,20130214,NA,NA,ProtectedBikeLane,,Yes,NoChange,Yes,NoChange,No,NoChange,No,NoChange,No,NoChange,Yes,Parallel,30,Yes,Mixed,High,Yes,High,2,15510,Pre-protected bike lane (no change),Fully Protected Bike Lanes,No Change
site_id_8_3833,site_id_8,3833,Intervention,No,LA TROBE STREET,,20130508,20130306,20130508,ProtectedBikeLane,,Yes,NoChange,Yes,NoChange,No,NoChange,No,NoChange,No,NoChange,Yes,Parallel,20,Yes,Mixed,High,Yes,High,2,15510,Protected bike lane,Fully Protected Bike Lanes,Seperated bike lane (E-W)
site_id_8_3833,site_id_8,3833,Intervention,No,LA TROBE STREET,,20150205,NA,NA,ProtectedBikeLane,,Yes,NoChange,Yes,NoChange,No,NoChange,No,NoChange,No,NoChange,Yes,Parallel,20,Yes,Mixed,High,Yes,High,2,15510,Post-protected bike lane (no change),,
site_id_8_3833,site_id_8,3833,Intervention,No,LA TROBE STREET,,20150913,NA,NA,ProtectedBikeLane,,Yes,NoChange,Yes,NoChange,No,NoChange,No,NoChange,No,NoChange,Yes,Parallel,20,Yes,Mixed,High,Yes,High,2,15510,Post-protected bike lane (no change),Fully Protected Bike Lanes,No Change
site_id_8_3833,site_id_8,3833,Intervention,No,LA TROBE STREET,,20161008,NA,NA,ProtectedBikeLane,,Yes,NoChange,Yes,NoChange,No,NoChange,No,NoChange,No,NoChange,Yes,Parallel,20,Yes,Mixed,High,Yes,High,2,15510,Post-protected bike lane (no change),Fully Protected Bike Lanes,No Change
site_id_8_3833,site_id_8,3833,Intervention,No,LA TROBE STREET,,20190111,NA,NA,ProtectedBikeLane,,Yes,NoChange,Yes,NoChange,No,NoChange,No,NoChange,No,NoChange,Yes,Parallel,12,Yes,Mixed,High,Yes,High,2,15510,Post-protected bike lane (no change),Fully Protected Bike Lanes,No Change
site_id_8_3833,site_id_8,3833,Intervention,No,LA TROBE STREET,,20190831,NA,NA,ProtectedBikeLane,,Yes,NoChange,Yes,NoChange,No,NoChange,No,NoChange,No,NoChange,Yes,Parallel,12,Yes,Mixed,High,Yes,High,2,15510,Post-protected bike lane (no change),Fully Protected Bike Lanes,No Change
site_id_8_3833,site_id_8,3833,Intervention,No,LA TROBE STREET,,20191217,20190831,20191217,ProtectedBikeLane,,Yes,NoChange,Yes,NoChange,No,NoChange,No,NoChange,No,NoChange,Yes,Parallel,12,Yes,Mixed,High,Yes,High,2,15510,Post-protected bike lane (no change),,
site_id_8_3833,site_id_8,3833,Intervention,No,LA TROBE STREET,,20200907,NA,NA,ProtectedBikeLane,,Yes,NoChange,Yes,NoChange,No,NoChange,No,NoChange,No,NoChange,Yes,Parallel,12,Yes,Mixed,High,Yes,High,2,15510,Post-protected bike lane (no change),Fully Protected Bike Lanes,No Change
site_id_8_3833,site_id_8,3833,Intervention,No,LA TROBE STREET,,20210122,NA,NA,ProtectedBikeLane,,Yes,NoChange,Yes,NoChange,No,NoChange,No,NoChange,No,NoChange,Yes,Parallel,12,Yes,Mixed,High,Yes,High,2,15510,Post-protected bike lane (no change),Fully Protected Bike Lanes,No Change
site_id_8_3833,site_id_8,3833,Intervention,No,LA TROBE STREET,,20240804,20240723,20240804,ProtectedBikeLane,,Yes,NoChange,Yes,NoChange,No,NoChange,No,NoChange,No,NoChange,Yes,Parallel,8,Yes,Mixed,High,Yes,High,2,15510,Post-protected bike lane (minor change),Fully Protected Bike Lanes,Tram Stop Upgrade - Remove one lane
site_id_8_3833,site_id_8,3833,Intervention,No,LA TROBE STREET,,20241201,NA,NA,ProtectedBikeLane,,Yes,NoChange,Yes,NoChange,No,NoChange,No,NoChange,No,NoChange,Yes,Parallel,8,Yes,Mixed,High,Yes,High,2,15510,Post-protected bike lane (no change),Fully Protected Bike Lanes,No Change
site_id_8_3833,site_id_8,3833,Intervention,No,LA TROBE STREET,,20250526,NA,NA,ProtectedBikeLane,,Yes,NoChange,Yes,NoChange,No,NoChange,No,NoChange,No,NoChange,Yes,Parallel,8,Yes,Mixed,High,Yes,High,2,15510,Post-protected bike lane (no change),Fully Protected Bike Lanes,No Change
site_id_8_3834,site_id_8,3834,Intervention,Yes,LA TROBE STREET,,20130104,NA,NA,ProtectedBikeLane,,Yes,NA,Yes,NA,No,NA,No,NA,No,NA,Yes,Parallel,43,Yes,Mixed,High,Yes,High,2,9480,Painted bike lane,Fully Protected Bike Lanes,Baseline
site_id_8_3834,site_id_8,3834,Intervention,No,LA TROBE STREET,,20130214,20130104,20130214,ProtectedBikeLane,,Yes,NoChange,Yes,NoChange,No,NoChange,No,NoChange,No,NoChange,Yes,Parallel,43,Yes,Mixed,High,Yes,High,2,9480,Protected bike lane (open one direction),Fully Protected Bike Lanes,Bike lane seperation  (E-W)
site_id_8_3834,site_id_8,3834,Intervention,No,LA TROBE STREET,,20130508,20130306,20130508,ProtectedBikeLane,,Yes,NoChange,Yes,NoChange,No,NoChange,No,NoChange,No,NoChange,Yes,Parallel,22,Yes,Mixed,High,Yes,High,2,9480,Protected bike lane (open one direction),Fully Protected Bike Lanes,Bike lane seperation  (W-E)
site_id_8_3834,site_id_8,3834,Intervention,No,LA TROBE STREET,,20150205,NA,NA,ProtectedBikeLane,,Yes,NoChange,Yes,NoChange,No,NoChange,No,NoChange,No,NoChange,Yes,Parallel,22,Yes,Mixed,High,Yes,High,2,9480,Post-protected bike lane (no change),,
site_id_8_3834,site_id_8,3834,Intervention,No,LA TROBE STREET,,20150913,NA,NA,ProtectedBikeLane,,Yes,NoChange,Yes,NoChange,No,NoChange,No,NoChange,No,NoChange,Yes,Parallel,22,Yes,Mixed,High,Yes,High,2,9480,Post-protected bike lane (no change),Fully Protected Bike Lanes,No Change
site_id_8_3834,site_id_8,3834,Intervention,No,LA TROBE STREET,,20161008,NA,NA,ProtectedBikeLane,,Yes,NoChange,Yes,NoChange,No,NoChange,No,NoChange,No,NoChange,Yes,Parallel,22,Yes,Mixed,High,Yes,High,2,9480,Post-protected bike lane (no change),Fully Protected Bike Lanes,No Change
site_id_8_3834,site_id_8,3834,Intervention,No,LA TROBE STREET,,20190111,NA,NA,ProtectedBikeLane,,Yes,NoChange,Yes,NoChange,No,NoChange,No,NoChange,No,NoChange,Yes,Parallel,12,Yes,Mixed,High,Yes,High,2,9480,Post-protected bike lane (no change),Fully Protected Bike Lanes,No Change
site_id_8_3834,site_id_8,3834,Intervention,No,LA TROBE STREET,,20190831,NA,NA,ProtectedBikeLane,,Yes,NoChange,Yes,NoChange,No,NoChange,No,NoChange,No,NoChange,Yes,Parallel,12,Yes,Mixed,High,Yes,High,2,9480,Post-protected bike lane (no change),Fully Protected Bike Lanes,No Change
site_id_8_3834,site_id_8,3834,Intervention,No,LA TROBE STREET,,20191217,NA,NA,ProtectedBikeLane,,Yes,NoChange,Yes,NoChange,No,NoChange,No,NoChange,No,NoChange,Yes,Parallel,12,Yes,Mixed,High,Yes,High,2,9480,Post-protected bike lane (no change),,
site_id_8_3834,site_id_8,3834,Intervention,No,LA TROBE STREET,,20200907,NA,NA,ProtectedBikeLane,,Yes,NoChange,Yes,NoChange,No,NoChange,No,NoChange,No,NoChange,Yes,Parallel,12,Yes,Mixed,High,Yes,High,2,9480,Post-protected bike lane (no change),Fully Protected Bike Lanes,No Change
site_id_8_3834,site_id_8,3834,Intervention,No,LA TROBE STREET,,20210122,NA,NA,ProtectedBikeLane,,Yes,NoChange,Yes,NoChange,No,NoChange,No,NoChange,No,NoChange,Yes,Parallel,12,Yes,Mixed,High,Yes,High,2,9480,Post-protected bike lane (no change),Fully Protected Bike Lanes,No Change
site_id_8_3834,site_id_8,3834,Intervention,No,LA TROBE STREET,,20240804,20240623,20240804,ProtectedBikeLane,,Yes,NoChange,Yes,NoChange,No,NoChange,No,NoChange,No,NoChange,Yes,Parallel,12,Yes,Mixed,High,Yes,High,2,9480,Post-protected bike lane (minor change),Fully Protected Bike Lanes,Removed one lane - Extened Bike lane seperation (E-W)
site_id_8_3834,site_id_8,3834,Intervention,No,LA TROBE STREET,,20241201,NA,NA,ProtectedBikeLane,,Yes,NoChange,Yes,NoChange,No,NoChange,No,NoChange,No,NoChange,Yes,Parallel,12,Yes,Mixed,High,Yes,High,2,9480,Post-protected bike lane (no change),Fully Protected Bike Lanes,No Change
site_id_8_3834,site_id_8,3834,Intervention,No,LA TROBE STREET,,20250526,NA,NA,ProtectedBikeLane,,Yes,NoChange,Yes,NoChange,No,NoChange,No,NoChange,No,NoChange,Yes,Parallel,12,Yes,Mixed,High,Yes,High,2,9480,Post-protected bike lane (no change),Fully Protected Bike Lanes,No Change
site_id_8_3835,site_id_8,3835,Intervention,Yes,LA TROBE STREET,,20130104,NA,NA,ProtectedBikeLane,,Yes,NA,Yes,NA,No,NA,No,NA,No,NA,Yes,Parallel,34,Yes,Parallel,Medium,Yes,High,2,8360,Painted bike lane,Fully Protected Bike Lanes,Baseline
site_id_8_3835,site_id_8,3835,Intervention,No,LA TROBE STREET,,20130214,20130104,20130214,ProtectedBikeLane,,Yes,NoChange,Yes,NoChange,No,NoChange,No,NoChange,No,NoChange,Yes,Parallel,34,Yes,Parallel,Medium,Yes,High,2,8360,Protected bike lane (open one direction),Fully Protected Bike Lanes,Bike lane seperation  (W-E)
site_id_8_3835,site_id_8,3835,Intervention,No,LA TROBE STREET,,20130508,20130306,20130508,ProtectedBikeLane,,Yes,NoChange,Yes,NoChange,No,NoChange,No,NoChange,No,NoChange,Yes,Parallel,31,Yes,Parallel,Medium,Yes,High,2,8360,Protected bike lane (open one direction),Fully Protected Bike Lanes,Bike lane seperation  (E-W)
site_id_8_3835,site_id_8,3835,Intervention,No,LA TROBE STREET,,20150205,NA,NA,ProtectedBikeLane,,Yes,NoChange,Yes,NoChange,No,NoChange,No,NoChange,No,NoChange,Yes,Parallel,31,Yes,Parallel,Medium,Yes,High,2,8360,Post-protected bike lane (no change),,
site_id_8_3835,site_id_8,3835,Intervention,No,LA TROBE STREET,,20150913,NA,NA,ProtectedBikeLane,,Yes,NoChange,Yes,NoChange,No,NoChange,No,NoChange,No,NoChange,Yes,Parallel,26,Yes,Parallel,Medium,Yes,High,2,8360,Post-protected bike lane (no change),Fully Protected Bike Lanes,No Change
site_id_8_3835,site_id_8,3835,Intervention,No,LA TROBE STREET,,20161008,NA,NA,ProtectedBikeLane,,Yes,NoChange,Yes,NoChange,No,NoChange,No,NoChange,No,NoChange,Yes,Parallel,26,Yes,Parallel,Medium,Yes,High,2,8360,Post-protected bike lane (no change),Fully Protected Bike Lanes,No Change
site_id_8_3835,site_id_8,3835,Intervention,No,LA TROBE STREET,,20190111,NA,NA,ProtectedBikeLane,,Yes,NoChange,Yes,NoChange,No,NoChange,No,NoChange,No,NoChange,Yes,Parallel,26,Yes,Parallel,Medium,Yes,High,2,8360,Post-protected bike lane (no change),Fully Protected Bike Lanes,No Change
site_id_8_3835,site_id_8,3835,Intervention,No,LA TROBE STREET,,20190831,NA,NA,ProtectedBikeLane,,Yes,NoChange,Yes,NoChange,No,NoChange,No,NoChange,No,NoChange,Yes,Parallel,26,Yes,Parallel,Medium,Yes,High,2,8360,Post-protected bike lane (no change),Fully Protected Bike Lanes,No Change
site_id_8_3835,site_id_8,3835,Intervention,No,LA TROBE STREET,,20191217,NA,NA,ProtectedBikeLane,,Yes,NoChange,Yes,NoChange,No,NoChange,No,NoChange,No,NoChange,Yes,Parallel,26,Yes,Parallel,Medium,Yes,High,2,8360,Post-protected bike lane (no change),,
site_id_8_3835,site_id_8,3835,Intervention,No,LA TROBE STREET,,20200907,NA,NA,ProtectedBikeLane,,Yes,NoChange,Yes,NoChange,No,NoChange,No,NoChange,No,NoChange,Yes,Parallel,26,Yes,Parallel,Medium,Yes,High,2,8360,Post-protected bike lane (no change),Fully Protected Bike Lanes,No Change
site_id_8_3835,site_id_8,3835,Intervention,No,LA TROBE STREET,,20210122,NA,NA,ProtectedBikeLane,,Yes,NoChange,Yes,NoChange,No,NoChange,No,NoChange,No,NoChange,Yes,Parallel,26,Yes,Parallel,Medium,Yes,High,2,8360,Post-protected bike lane (no change),Fully Protected Bike Lanes,No Change
site_id_8_3835,site_id_8,3835,Intervention,No,LA TROBE STREET,,20240804,20240623,20240804,ProtectedBikeLane,,Yes,NoChange,Yes,NoChange,No,NoChange,No,NoChange,No,NoChange,Yes,Parallel,7,Yes,Parallel,Medium,Yes,High,2,8360,Post-protected bike lane (minor change),Fully Protected Bike Lanes,Tram Stop Upgrade
site_id_8_3835,site_id_8,3835,Intervention,No,LA TROBE STREET,,20241201,NA,NA,ProtectedBikeLane,,Yes,NoChange,Yes,NoChange,No,NoChange,No,NoChange,No,NoChange,Yes,Parallel,7,Yes,Parallel,Medium,Yes,High,2,8360,Post-protected bike lane (no change),Fully Protected Bike Lanes,No Change
site_id_8_3835,site_id_8,3835,Intervention,No,LA TROBE STREET,,20250526,NA,NA,ProtectedBikeLane,,Yes,NoChange,Yes,NoChange,No,NoChange,No,NoChange,No,NoChange,Yes,Parallel,7,Yes,Parallel,Medium,Yes,High,2,8360,Post-protected bike lane (no change),Fully Protected Bike Lanes,No Change
site_id_9_11077,site_id_9,11077,Intervention,Yes,WILLIAM STREET,,20170504,NA,NA,ProtectedBikeLane,,Yes,NA,Yes,NA,Yes,NA,Yes,NA,Yes,NA,Yes,Parallel,24,Yes,Parallel,Medium,Yes,High,2,12970,Painted bike lane,Painted Bike lane both directions,Baseline
site_id_9_11078,site_id_9,11078,Intervention,Yes,WILLIAM STREET,,20170504,NA,NA,ProtectedBikeLane,,Yes,NA,Yes,NA,Yes,NA,Yes,NA,Yes,NA,Yes,Parallel,14,Yes,Parallel,Medium,Yes,High,2,23910,Painted bike lane,Bike lane both directions,Baseline
site_id_9_11079,site_id_9,11079,Intervention,Yes,WILLIAM STREET,,20170504,NA,NA,ProtectedBikeLane,,Yes,NA,Yes,NA,Yes,NA,Yes,NA,Yes,NA,Yes,Parallel,45,Yes,Parallel,Medium,Yes,High,2,25650,Painted bike lane,"Bike lane both directions, no raised tram stops, parking NB",Baseline
site_id_9_11080,site_id_9,11080,Intervention,Yes,WILLIAM STREET,,20170504,NA,NA,ProtectedBikeLane,,Yes,NA,Yes,NA,Yes,NA,Yes,NA,Yes,NA,Yes,Parallel,11,Yes,Parallel,Low,Yes,High,2,24880,Painted bike lane,Painted Bike lane both directions,Baseline
site_id_9_11077,site_id_9,11077,Intervention,No,WILLIAM STREET,,20190831,20170504,20190831,ProtectedBikeLane,,Yes,NoChange,Yes,NoChange,Yes,NoChange,Yes,NoChange,Yes,NoChange,Yes,Parallel,24,Yes,Parallel,Medium,Yes,High,2,12970,Pre-protected bike lane (no change),Painted Bike lane both directions,No Change
site_id_9_11078,site_id_9,11078,Intervention,No,WILLIAM STREET,,20190831,20170504,20190831,ProtectedBikeLane,,Yes,NoChange,Yes,NoChange,Yes,NoChange,Yes,NoChange,Yes,NoChange,Yes,Parallel,12,Yes,Parallel,Medium,Yes,High,2,23910,Pre-protected bike lane (minor change),"Bike lane both directions, no raised tram stops",No Change
site_id_9_11079,site_id_9,11079,Intervention,No,WILLIAM STREET,,20190831,20170504,20190831,ProtectedBikeLane,,Yes,NoChange,Yes,NoChange,Yes,NoChange,Yes,NoChange,Yes,NoChange,Yes,Parallel,37,Yes,Parallel,Medium,Yes,High,2,25650,Pre-protected bike lane (minor change),"Bike lane both directions, no raised tram stops, parking NB removed for construction",Realigned  bike lane
site_id_9_11080,site_id_9,11080,Intervention,No,WILLIAM STREET,,20190831,20170504,20190831,ProtectedBikeLane,,Yes,NoChange,Yes,NoChange,Yes,NoChange,Yes,NoChange,Yes,NoChange,Yes,Parallel,11,Yes,Parallel,Low,Yes,High,2,24880,Pre-protected bike lane (no change),no change,No Change
site_id_9_11077,site_id_9,11077,Intervention,No,WILLIAM STREET,,20191217,20190831,20191217,ProtectedBikeLane,,Yes,NoChange,Yes,NoChange,Yes,NoChange,Yes,NoChange,Yes,NoChange,Yes,Parallel,11,Yes,Parallel,Low,Yes,High,2,24880,Pre-protected bike lane (no change),Painted Bike lane both directions,
site_id_9_11077,site_id_9,11077,Intervention,No,WILLIAM STREET,,20200907,20200428,20200907,ProtectedBikeLane,,Yes,NoChange,Yes,NoChange,Yes,NoChange,Yes,NoChange,Yes,NoChange,Yes,Parallel,21,Yes,Parallel,Medium,Yes,High,2,12970,Pre-protected bike lane (minor change),Painted Bike lane both directions,Protected Bike lane
site_id_9_11078,site_id_9,11078,Intervention,No,WILLIAM STREET,,20191217,20190831,20191217,ProtectedBikeLane,,Yes,NoChange,Yes,NoChange,Yes,NoChange,Yes,NoChange,Yes,NoChange,Yes,Parallel,0,Yes,Parallel,Medium,Yes,High,2,23910,Protected bike lane,"Protected bike lane both directions, raised tram stops, removed parking",
site_id_9_11078,site_id_9,11078,Intervention,No,WILLIAM STREET,,20200907,20191217,20200907,ProtectedBikeLane,,Yes,NoChange,Yes,NoChange,Yes,NoChange,Yes,NoChange,Yes,NoChange,Yes,Parallel,0,Yes,Parallel,Medium,Yes,High,2,23910,Post-protected bike lane (no change),"Protected bike lane both directions, raised tram stops, removed parking","Upgraded Tram stop, protected bike lanes"
site_id_9_11079,site_id_9,11079,Intervention,No,WILLIAM STREET,,20191217,20190831,20191217,ProtectedBikeLane,,Yes,NoChange,Yes,NoChange,Yes,NoChange,Yes,NoChange,Yes,NoChange,Yes,Parallel,0,Yes,Parallel,Medium,Yes,High,2,23910,Protected Bike Lane,Protected bike lane,
site_id_9_11079,site_id_9,11079,Intervention,No,WILLIAM STREET,,20200907,20200428,20200907,ProtectedBikeLane,,Yes,NoChange,Yes,NoChange,Yes,NoChange,Yes,NoChange,Yes,NoChange,Yes,Parallel,18,Yes,Parallel,Medium,Yes,High,2,25650,Post-protected bike lane (no change),Post-protected bike lane (no change),Protected Bike lane
site_id_9_11080,site_id_9,11080,Intervention,No,WILLIAM STREET,,20191217,20190831,20191217,ProtectedBikeLane,,Yes,NoChange,Yes,NoChange,Yes,NoChange,Yes,NoChange,Yes,NoChange,Yes,Parallel,11,Yes,Parallel,Low,Yes,High,2,24880,Pre-protected bike lane (no change),no change,
site_id_9_11080,site_id_9,11080,Intervention,No,WILLIAM STREET,,20200907,20200428,20200907,ProtectedBikeLane,,Yes,NoChange,Yes,NoChange,Yes,NoChange,Yes,NoChange,Yes,NoChange,Yes,Parallel,12,Yes,Parallel,Low,Yes,High,2,24880,Pre-protected bike lane (no change),no change,Protected Bike lane
site_id_9_11077,site_id_9,11077,Intervention,No,WILLIAM STREET,,20201102,20200907,20201102,ProtectedBikeLane,,Yes,NoChange,Yes,NoChange,Yes,NoChange,Yes,NoChange,Yes,NoChange,Yes,Parallel,17,Yes,Parallel,Low,Yes,High,2,12970,Protected bike lane,Protected bike lane both directions,Protected Bike lane
site_id_9_11078,site_id_9,11078,Intervention,No,WILLIAM STREET,,20201102,20200907,20201102,ProtectedBikeLane,,Yes,NoChange,Yes,NoChange,Yes,NoChange,Yes,NoChange,Yes,NoChange,Yes,Parallel,0,Yes,Parallel,Low,Yes,High,2,23910,Post-protected bike lane (minor change),"Protected bike lane both directions, raised tram stops, removed parking",No Change
site_id_9_11079,site_id_9,11079,Intervention,No,WILLIAM STREET,,20201102,20200907,20201102,ProtectedBikeLane,,Yes,NoChange,Yes,NoChange,Yes,NoChange,Yes,NoChange,Yes,NoChange,Yes,Parallel,18,Yes,Parallel,Low,Yes,High,2,25650,Post-protected bike lane (no change),Post-protected bike lane (no change),No Change
site_id_9_11080,site_id_9,11080,Intervention,No,WILLIAM STREET,,20201102,20200907,20201102,ProtectedBikeLane,,Yes,NoChange,Yes,NoChange,Yes,NoChange,Yes,NoChange,Yes,NoChange,Yes,Parallel,12,Yes,Parallel,Low,Yes,High,2,24880,Protected Bike Lane,Protected bike lane both directions,No change
control_id_40_2757,control_id_40,2757,Control,Yes,MT ALEXANDER ROAD,NA,20251015,NA,NA,Control,20181019,Yes,NoChange,Yes,NoChange,Yes,NoChange,No,NoChange,No,NoChange,Yes,Mixed,125,Yes,Parallel,Medium,Yes,Medium,6,1230,NA Control Site,NA Control Site,"Level crossing removal installed in 2018, resulting in additional median strip parking and changed NB offstreet parking arrangement."
